31/12/2013;100000000000;21450394409;14;;;;
31/12/2013;110000000000;882156227;14;;;;
31/12/2013;110100000000;644164373;14;;;;
31/12/2013;110200000000;112564152;14;;;;
31/12/2013;110201000000;0;14;;;;
31/12/2013;110202000000;112564152;14;;;;
31/12/2013;110203000000;0;14;;;;
31/12/2013;110300000000;0;14;;;;
31/12/2013;110301000000;0;14;;;;
31/12/2013;110303000000;0;14;;;;
31/12/2013;110390000000;0;14;;;;
31/12/2013;110400000000;125427702;14;;;;
31/12/2013;110403000000;125427702;14;;;;
31/12/2013;110404000000;0;14;;;;
31/12/2013;110405000000;0;14;;;;
31/12/2013;110411000000;0;14;;;;
31/12/2013;110490000000;0;14;;;;
31/12/2013;115000000000;0;14;;;;
31/12/2013;115001000000;0;14;;;;
31/12/2013;115002000000;0;14;;;;
31/12/2013;115090000000;0;14;;;;
31/12/2013;120000000000;2147483647;14;;;;
31/12/2013;120100000000;2147483647;14;;;;
31/12/2013;120101000000;2147483647;14;;;;
31/12/2013;120101010000;1470966846;14;;;;
31/12/2013;120101010100;1470966846;14;;;;
31/12/2013;120101010200;0;14;;;;
31/12/2013;120101020000;2147483647;14;;;;
31/12/2013;120101020100;2147483647;14;;;;
31/12/2013;120101020200;0;14;;;;
31/12/2013;120101030000;2147483647;14;;;;
31/12/2013;120101030100;2147483647;14;;;;
31/12/2013;120101030200;0;14;;;;
31/12/2013;120101040000;0;14;;;;
31/12/2013;120101040100;0;14;;;;
31/12/2013;120101040200;0;14;;;;
31/12/2013;120102000000;0;14;;;;
31/12/2013;120102010000;0;14;;;;
31/12/2013;120102020000;0;14;;;;
31/12/2013;120102030000;0;14;;;;
31/12/2013;120103000000;0;14;;;;
31/12/2013;120103010000;0;14;;;;
31/12/2013;120103020000;0;14;;;;
31/12/2013;120103030000;0;14;;;;
31/12/2013;120103040000;0;14;;;;
31/12/2013;120104000000;0;14;;;;
31/12/2013;120104010000;0;14;;;;
31/12/2013;120104010100;0;14;;;;
31/12/2013;120104010200;0;14;;;;
31/12/2013;120104020000;0;14;;;;
31/12/2013;120104020100;0;14;;;;
31/12/2013;120104020200;0;14;;;;
31/12/2013;120104030000;0;14;;;;
31/12/2013;120104030100;0;14;;;;
31/12/2013;120104030200;0;14;;;;
31/12/2013;120104040000;0;14;;;;
31/12/2013;120104040100;0;14;;;;
31/12/2013;120104040200;0;14;;;;
31/12/2013;120200000000;0;14;;;;
31/12/2013;120201000000;0;14;;;;
31/12/2013;120201010000;0;14;;;;
31/12/2013;120201010100;0;14;;;;
31/12/2013;120201010200;0;14;;;;
31/12/2013;120201020000;0;14;;;;
31/12/2013;120201020100;0;14;;;;
31/12/2013;120201020200;0;14;;;;
31/12/2013;120201030000;0;14;;;;
31/12/2013;120201030100;0;14;;;;
31/12/2013;120201030200;0;14;;;;
31/12/2013;120201040000;0;14;;;;
31/12/2013;120201040100;0;14;;;;
31/12/2013;120201040200;0;14;;;;
31/12/2013;120202000000;0;14;;;;
31/12/2013;120202010000;0;14;;;;
31/12/2013;120202020000;0;14;;;;
31/12/2013;120202030000;0;14;;;;
31/12/2013;120203000000;0;14;;;;
31/12/2013;120203010000;0;14;;;;
31/12/2013;120203020000;0;14;;;;
31/12/2013;120203030000;0;14;;;;
31/12/2013;120203040000;0;14;;;;
31/12/2013;120204000000;0;14;;;;
31/12/2013;120204010000;0;14;;;;
31/12/2013;120204010100;0;14;;;;
31/12/2013;120204010200;0;14;;;;
31/12/2013;120204020000;0;14;;;;
31/12/2013;120204020100;0;14;;;;
31/12/2013;120204020200;0;14;;;;
31/12/2013;120204030000;0;14;;;;
31/12/2013;120204030100;0;14;;;;
31/12/2013;120204030200;0;14;;;;
31/12/2013;120204040000;0;14;;;;
31/12/2013;120204040100;0;14;;;;
31/12/2013;120204040200;0;14;;;;
31/12/2013;120300000000;1310437128;14;;;;
31/12/2013;120304000000;1310437128;14;;;;
31/12/2013;120304010000;0;14;;;;
31/12/2013;120304010100;0;14;;;;
31/12/2013;120304010200;0;14;;;;
31/12/2013;120304020000;0;14;;;;
31/12/2013;120304020100;0;14;;;;
31/12/2013;120304020200;0;14;;;;
31/12/2013;120304030000;1310437128;14;;;;
31/12/2013;120304030100;1310437128;14;;;;
31/12/2013;120304030200;0;14;;;;
31/12/2013;120305000000;0;14;;;;
31/12/2013;120305010000;0;14;;;;
31/12/2013;120305020000;0;14;;;;
31/12/2013;120305030000;0;14;;;;
31/12/2013;120306000000;0;14;;;;
31/12/2013;120306010000;0;14;;;;
31/12/2013;120306020000;0;14;;;;
31/12/2013;120306030000;0;14;;;;
31/12/2013;120307000000;0;14;;;;
31/12/2013;120307010000;0;14;;;;
31/12/2013;120307010100;0;14;;;;
31/12/2013;120307010200;0;14;;;;
31/12/2013;120307020000;0;14;;;;
31/12/2013;120307020100;0;14;;;;
31/12/2013;120307020200;0;14;;;;
31/12/2013;120307030000;0;14;;;;
31/12/2013;120307030100;0;14;;;;
31/12/2013;120307030200;0;14;;;;
31/12/2013;120700000000;0;14;;;;
31/12/2013;120701000000;0;14;;;;
31/12/2013;120800000000;999815762;14;;;;
31/12/2013;121400000000;0;14;;;;
31/12/2013;121406000000;0;14;;;;
31/12/2013;121406010000;0;14;;;;
31/12/2013;121406010100;0;14;;;;
31/12/2013;121406020000;0;14;;;;
31/12/2013;121406020100;0;14;;;;
31/12/2013;121406020200;0;14;;;;
31/12/2013;121406030000;0;14;;;;
31/12/2013;121406030100;0;14;;;;
31/12/2013;121406030200;0;14;;;;
31/12/2013;121406040000;0;14;;;;
31/12/2013;121406040100;0;14;;;;
31/12/2013;121406040200;0;14;;;;
31/12/2013;121406050000;0;14;;;;
31/12/2013;121406050100;0;14;;;;
31/12/2013;121406050200;0;14;;;;
31/12/2013;121406060000;0;14;;;;
31/12/2013;121406060100;0;14;;;;
31/12/2013;121406060200;0;14;;;;
31/12/2013;121406070000;0;14;;;;
31/12/2013;121406070100;0;14;;;;
31/12/2013;121406070200;0;14;;;;
31/12/2013;121407000000;0;14;;;;
31/12/2013;121407010000;0;14;;;;
31/12/2013;121407010100;0;14;;;;
31/12/2013;121407010300;0;14;;;;
31/12/2013;121407020000;0;14;;;;
31/12/2013;121407020100;0;14;;;;
31/12/2013;121407020200;0;14;;;;
31/12/2013;121407020300;0;14;;;;
31/12/2013;121407030000;0;14;;;;
31/12/2013;121407030100;0;14;;;;
31/12/2013;121407030200;0;14;;;;
31/12/2013;121407030300;0;14;;;;
31/12/2013;121407040000;0;14;;;;
31/12/2013;121407040100;0;14;;;;
31/12/2013;121407040200;0;14;;;;
31/12/2013;121407040300;0;14;;;;
31/12/2013;121407050000;0;14;;;;
31/12/2013;121407050100;0;14;;;;
31/12/2013;121407050200;0;14;;;;
31/12/2013;121407050300;0;14;;;;
31/12/2013;121407060000;0;14;;;;
31/12/2013;121407060100;0;14;;;;
31/12/2013;121407060200;0;14;;;;
31/12/2013;121407060300;0;14;;;;
31/12/2013;121407070000;0;14;;;;
31/12/2013;121407070100;0;14;;;;
31/12/2013;121407070200;0;14;;;;
31/12/2013;121407070300;0;14;;;;
31/12/2013;121700000000;0;14;;;;
31/12/2013;130000000000;2147483647;14;;;;
31/12/2013;130100000000;415471020;14;;;;
31/12/2013;130107000000;415471020;14;;;;
31/12/2013;130107010000;414888322;14;;;;
31/12/2013;130107010100;0;14;;;;
31/12/2013;130107010200;0;14;;;;
31/12/2013;130107010300;0;14;;;;
31/12/2013;130107010400;0;14;;;;
31/12/2013;130107010500;270524404;14;;;;
31/12/2013;130107019000;144363918;14;;;;
31/12/2013;130107020000;582698;14;;;;
31/12/2013;130107020100;0;14;;;;
31/12/2013;130107020200;582698;14;;;;
31/12/2013;130107030000;0;14;;;;
31/12/2013;130107030100;0;14;;;;
31/12/2013;130107030200;0;14;;;;
31/12/2013;130107030300;0;14;;;;
31/12/2013;130107039000;0;14;;;;
31/12/2013;130108000000;0;14;;;;
31/12/2013;130108010000;0;14;;;;
31/12/2013;130108010100;0;14;;;;
31/12/2013;130108010200;0;14;;;;
31/12/2013;130108010300;0;14;;;;
31/12/2013;130108010400;0;14;;;;
31/12/2013;130108010500;0;14;;;;
31/12/2013;130108019000;0;14;;;;
31/12/2013;130108020000;0;14;;;;
31/12/2013;130108020100;0;14;;;;
31/12/2013;130108020200;0;14;;;;
31/12/2013;130108030000;0;14;;;;
31/12/2013;130108030100;0;14;;;;
31/12/2013;130108030200;0;14;;;;
31/12/2013;130108030300;0;14;;;;
31/12/2013;130108039000;0;14;;;;
31/12/2013;131100000000;2147483647;14;;;;
31/12/2013;131107000000;2147483647;14;;;;
31/12/2013;131107010000;2147483647;14;;;;
31/12/2013;131107020000;1087743652;14;;;;
31/12/2013;131107030000;0;14;;;;
31/12/2013;131107040000;0;14;;;;
31/12/2013;131107050000;0;14;;;;
31/12/2013;131107130000;0;14;;;;
31/12/2013;131107900000;0;14;;;;
31/12/2013;131108000000;0;14;;;;
31/12/2013;131108010000;0;14;;;;
31/12/2013;131108020000;0;14;;;;
31/12/2013;131108030000;0;14;;;;
31/12/2013;131108040000;0;14;;;;
31/12/2013;131108050000;0;14;;;;
31/12/2013;131108130000;0;14;;;;
31/12/2013;131108900000;0;14;;;;
31/12/2013;131600000000;0;14;;;;
31/12/2013;131607000000;0;14;;;;
31/12/2013;131607010000;0;14;;;;
31/12/2013;131607020000;0;14;;;;
31/12/2013;131608000000;0;14;;;;
31/12/2013;131608010000;0;14;;;;
31/12/2013;131608020000;0;14;;;;
31/12/2013;135000000000;1157633542;14;;;;
31/12/2013;135100000000;0;14;;;;
31/12/2013;135105000000;0;14;;;;
31/12/2013;135105010000;0;14;;;;
31/12/2013;135105020000;0;14;;;;
31/12/2013;135105030000;0;14;;;;
31/12/2013;135105040000;0;14;;;;
31/12/2013;135105050000;0;14;;;;
31/12/2013;135105060000;0;14;;;;
31/12/2013;135156000000;0;14;;;;
31/12/2013;135156010000;0;14;;;;
31/12/2013;135156020000;0;14;;;;
31/12/2013;135171000000;0;14;;;;
31/12/2013;135171010000;0;14;;;;
31/12/2013;135171020000;0;14;;;;
31/12/2013;135171030000;0;14;;;;
31/12/2013;135171040000;0;14;;;;
31/12/2013;136100000000;1157633542;14;;;;
31/12/2013;136101000000;1073614708;14;;;;
31/12/2013;136103000000;84018834;14;;;;
31/12/2013;136104000000;0;14;;;;
31/12/2013;136105000000;0;14;;;;
31/12/2013;136106000000;0;14;;;;
31/12/2013;136113000000;0;14;;;;
31/12/2013;136190000000;0;14;;;;
31/12/2013;136600000000;0;14;;;;
31/12/2013;136601000000;0;14;;;;
31/12/2013;136602000000;0;14;;;;
31/12/2013;139000000000;-2036625524;14;;;;
31/12/2013;139100000000;1916654047;14;;;;
31/12/2013;139150000000;-1916654047;14;;;;
31/12/2013;139150070000;-2562507;14;;;;
31/12/2013;139150070100;-2562507;14;;;;
31/12/2013;139150070200;0;14;;;;
31/12/2013;139150070300;0;14;;;;
31/12/2013;139150080000;0;14;;;;
31/12/2013;139150080100;0;14;;;;
31/12/2013;139150080200;0;14;;;;
31/12/2013;139150080300;0;14;;;;
31/12/2013;139150670000;-1914091540;14;;;;
31/12/2013;139150670100;-1756323286;14;;;;
31/12/2013;139150670300;-157768254;14;;;;
31/12/2013;139150670400;0;14;;;;
31/12/2013;139150670500;0;14;;;;
31/12/2013;139150670600;0;14;;;;
31/12/2013;139150671300;0;14;;;;
31/12/2013;139150679000;0;14;;;;
31/12/2013;139150680000;0;14;;;;
31/12/2013;139150680100;0;14;;;;
31/12/2013;139150680300;0;14;;;;
31/12/2013;139150680400;0;14;;;;
31/12/2013;139150680500;0;14;;;;
31/12/2013;139150680600;0;14;;;;
31/12/2013;139150681300;0;14;;;;
31/12/2013;139150689000;0;14;;;;
31/12/2013;139150770000;0;14;;;;
31/12/2013;139150770100;0;14;;;;
31/12/2013;139150770200;0;14;;;;
31/12/2013;139150780000;0;14;;;;
31/12/2013;139150780100;0;14;;;;
31/12/2013;139150780200;0;14;;;;
31/12/2013;139197000000;0;14;;;;
31/12/2013;139600000000;-119971477;14;;;;
31/12/2013;139601000000;0;14;;;;
31/12/2013;139602000000;0;14;;;;
31/12/2013;139603000000;0;14;;;;
31/12/2013;139604000000;-107512;14;;;;
31/12/2013;139605000000;-119863965;14;;;;
31/12/2013;139608000000;0;14;;;;
31/12/2013;140000000000;67316633;14;;;;
31/12/2013;140100000000;78536539;14;;;;
31/12/2013;140102000000;48690;14;;;;
31/12/2013;140103000000;7009301;14;;;;
31/12/2013;140104000000;10372689;14;;;;
31/12/2013;140105000000;6329985;14;;;;
31/12/2013;140106000000;0;14;;;;
31/12/2013;140108000000;0;14;;;;
31/12/2013;140112000000;0;14;;;;
31/12/2013;140190000000;54775874;14;;;;
31/12/2013;140200000000;0;14;;;;
31/12/2013;140201000000;0;14;;;;
31/12/2013;140202000000;0;14;;;;
31/12/2013;140203000000;0;14;;;;
31/12/2013;140204000000;10372688;14;;;;
31/12/2013;140900000000;0;14;;;;
31/12/2013;140901000000;0;14;;;;
31/12/2013;140902000000;0;14;;;;
31/12/2013;140903000000;0;14;;;;
31/12/2013;140904000000;0;14;;;;
31/12/2013;140905000000;0;14;;;;
31/12/2013;140906000000;0;14;;;;
31/12/2013;141000000000;0;14;;;;
31/12/2013;141300000000;0;14;;;;
31/12/2013;149100000000;-11219906;14;;;;
31/12/2013;149101000000;0;14;;;;
31/12/2013;149101010000;0;14;;;;
31/12/2013;149101020000;0;14;;;;
31/12/2013;149101030000;0;14;;;;
31/12/2013;149104000000;-11219906;14;;;;
31/12/2013;150000000000;0;14;;;;
31/12/2013;150100000000;0;14;;;;
31/12/2013;150200000000;0;14;;;;
31/12/2013;150300000000;0;14;;;;
31/12/2013;150400000000;0;14;;;;
31/12/2013;155000000000;0;14;;;;
31/12/2013;156000000000;0;14;;;;
31/12/2013;157000000000;0;14;;;;
31/12/2013;160000000000;178875611;14;;;;
31/12/2013;160100000000;300652472;14;;;;
31/12/2013;160101000000;0;14;;;;
31/12/2013;160102000000;0;14;;;;
31/12/2013;160103000000;0;14;;;;
31/12/2013;160104000000;8603738;14;;;;
31/12/2013;160105000000;285325524;14;;;;
31/12/2013;160106000000;1261299;14;;;;
31/12/2013;160107000000;5461911;14;;;;
31/12/2013;160190000000;0;14;;;;
31/12/2013;160200000000;173201;14;;;;
31/12/2013;160201000000;0;14;;;;
31/12/2013;160202000000;0;14;;;;
31/12/2013;160203000000;0;14;;;;
31/12/2013;160204000000;0;14;;;;
31/12/2013;160205000000;173201;14;;;;
31/12/2013;160206000000;0;14;;;;
31/12/2013;160207000000;0;14;;;;
31/12/2013;160290000000;0;14;;;;
31/12/2013;161100000000;121950062;14;;;;
31/12/2013;161102000000;0;14;;;;
31/12/2013;161104000000;-4242272;14;;;;
31/12/2013;161105000000;-116446491;14;;;;
31/12/2013;161106000000;-1261299;14;;;;
31/12/2013;161107000000;0;14;;;;
31/12/2013;161190000000;0;14;;;;
31/12/2013;161200000000;0;14;;;;
31/12/2013;161202000000;0;14;;;;
31/12/2013;161204000000;0;14;;;;
31/12/2013;161205000000;0;14;;;;
31/12/2013;161206000000;0;14;;;;
31/12/2013;161207000000;0;14;;;;
31/12/2013;161290000000;0;14;;;;
31/12/2013;170000000000;2877546;14;;;;
31/12/2013;170100000000;0;14;;;;
31/12/2013;170101000000;0;14;;;;
31/12/2013;170102000000;0;14;;;;
31/12/2013;170200000000;0;14;;;;
31/12/2013;170201000000;0;14;;;;
31/12/2013;170202000000;0;14;;;;
31/12/2013;179000000000;2877546;14;;;;
31/12/2013;179001000000;0;14;;;;
31/12/2013;179002000000;2877546;14;;;;
31/12/2013;179500000000;0;14;;;;
31/12/2013;179501000000;0;14;;;;
31/12/2013;179501010000;0;14;;;;
31/12/2013;179501020000;0;14;;;;
31/12/2013;179502000000;0;14;;;;
31/12/2013;179502010000;0;14;;;;
31/12/2013;179502020000;0;14;;;;
31/12/2013;179590000000;0;14;;;;
31/12/2013;179590010000;0;14;;;;
31/12/2013;179590020000;0;14;;;;
31/12/2013;179700000000;0;14;;;;
31/12/2013;179701000000;0;14;;;;
31/12/2013;179702000000;0;14;;;;
31/12/2013;180000000000;435288382;14;;;;
31/12/2013;180100000000;428952991;14;;;;
31/12/2013;180300000000;6335391;14;;;;
31/12/2013;189900000000;0;14;;;;
31/12/2013;190000000000;848970171;14;;;;
31/12/2013;190300000000;848970171;14;;;;
31/12/2013;190301000000;75985846;14;;;;
31/12/2013;190301010000;0;14;;;;
31/12/2013;190301030000;0;14;;;;
31/12/2013;190301040000;0;14;;;;
31/12/2013;190301060000;611811;14;;;;
31/12/2013;190301100000;0;14;;;;
31/12/2013;190301110000;0;14;;;;
31/12/2013;190301120000;21073310;14;;;;
31/12/2013;190301900000;54300725;14;;;;
31/12/2013;190302000000;772984325;14;;;;
31/12/2013;190302010000;0;14;;;;
31/12/2013;190302020000;0;14;;;;
31/12/2013;190302070000;0;14;;;;
31/12/2013;190302800000;430346407;14;;;;
31/12/2013;190302900000;342637918;14;;;;
31/12/2013;190303000000;0;14;;;;
31/12/2013;190303010000;0;14;;;;
31/12/2013;190303010100;0;14;;;;
31/12/2013;190303010200;0;14;;;;
31/12/2013;190303020000;0;14;;;;
31/12/2013;190303020100;0;14;;;;
31/12/2013;190303020200;0;14;;;;
31/12/2013;190303070000;0;14;;;;
31/12/2013;190303080000;0;14;;;;
31/12/2013;190303090000;0;14;;;;
31/12/2013;190303100000;0;14;;;;
31/12/2013;190303110000;0;14;;;;
31/12/2013;190303120000;0;14;;;;
31/12/2013;190303130000;0;14;;;;
31/12/2013;190303140000;0;14;;;;
31/12/2013;191600000000;0;14;;;;
31/12/2013;191604000000;0;14;;;;
31/12/2013;191604060000;0;14;;;;
31/12/2013;191604070000;0;14;;;;
31/12/2013;191604070100;0;14;;;;
31/12/2013;191604070200;0;14;;;;
31/12/2013;191604080000;0;14;;;;
31/12/2013;191604080100;0;14;;;;
31/12/2013;191604080200;0;14;;;;
31/12/2013;191604089000;0;14;;;;
31/12/2013;191606000000;0;14;;;;
31/12/2013;200000000000;2147483647;14;;;;
31/12/2013;210000000000;2147483647;14;;;;
31/12/2013;210100000000;2147483647;14;;;;
31/12/2013;210101000000;366969288;14;;;;
31/12/2013;210102000000;2147483647;14;;;;
31/12/2013;210102010000;42678368;14;;;;
31/12/2013;211100000000;1268063755;14;;;;
31/12/2013;211101000000;1268063755;14;;;;
31/12/2013;211102000000;0;14;;;;
31/12/2013;212500000000;0;14;;;;
31/12/2013;212501000000;0;14;;;;
31/12/2013;212502000000;0;14;;;;
31/12/2013;212590000000;0;14;;;;
31/12/2013;220700000000;0;14;;;;
31/12/2013;220701000000;0;14;;;;
31/12/2013;220800000000;0;14;;;;
31/12/2013;220900000000;0;14;;;;
31/12/2013;220901000000;0;14;;;;
31/12/2013;220901010000;0;14;;;;
31/12/2013;220901010700;0;14;;;;
31/12/2013;220901010701;0;14;;;;
31/12/2013;220901010702;0;14;;;;
31/12/2013;220901010703;0;14;;;;
31/12/2013;220901010800;0;14;;;;
31/12/2013;220902000000;0;14;;;;
31/12/2013;220902010000;0;14;;;;
31/12/2013;220902010700;0;14;;;;
31/12/2013;220902010701;0;14;;;;
31/12/2013;220902010702;0;14;;;;
31/12/2013;220902010703;0;14;;;;
31/12/2013;220902010704;0;14;;;;
31/12/2013;220902020000;0;14;;;;
31/12/2013;220902020700;0;14;;;;
31/12/2013;220902020701;0;14;;;;
31/12/2013;220902020702;0;14;;;;
31/12/2013;220902020703;0;14;;;;
31/12/2013;220902020704;0;14;;;;
31/12/2013;220903000000;0;14;;;;
31/12/2013;220903010000;0;14;;;;
31/12/2013;220903010100;0;14;;;;
31/12/2013;220903010200;0;14;;;;
31/12/2013;220903010300;0;14;;;;
31/12/2013;220903010400;0;14;;;;
31/12/2013;220903019000;0;14;;;;
31/12/2013;220990000000;0;14;;;;
31/12/2013;221400000000;0;14;;;;
31/12/2013;221406000000;0;14;;;;
31/12/2013;221406010000;0;14;;;;
31/12/2013;221406010100;0;14;;;;
31/12/2013;221406020000;0;14;;;;
31/12/2013;221406020100;0;14;;;;
31/12/2013;221406020200;0;14;;;;
31/12/2013;221406030000;0;14;;;;
31/12/2013;221406030100;0;14;;;;
31/12/2013;221406030200;0;14;;;;
31/12/2013;221406040000;0;14;;;;
31/12/2013;221406040100;0;14;;;;
31/12/2013;221406040200;0;14;;;;
31/12/2013;221406050000;0;14;;;;
31/12/2013;221406050100;0;14;;;;
31/12/2013;221406050200;0;14;;;;
31/12/2013;221406060000;0;14;;;;
31/12/2013;221406060100;0;14;;;;
31/12/2013;221406060200;0;14;;;;
31/12/2013;221406070000;0;14;;;;
31/12/2013;221406070100;0;14;;;;
31/12/2013;221406070200;0;14;;;;
31/12/2013;221407000000;0;14;;;;
31/12/2013;221407010000;0;14;;;;
31/12/2013;221407010100;0;14;;;;
31/12/2013;221407010300;0;14;;;;
31/12/2013;221407020000;0;14;;;;
31/12/2013;221407020100;0;14;;;;
31/12/2013;221407020200;0;14;;;;
31/12/2013;221407020300;0;14;;;;
31/12/2013;221407030000;0;14;;;;
31/12/2013;221407030100;0;14;;;;
31/12/2013;221407030200;0;14;;;;
31/12/2013;221407030300;0;14;;;;
31/12/2013;221407040000;0;14;;;;
31/12/2013;221407040100;0;14;;;;
31/12/2013;221407040200;0;14;;;;
31/12/2013;221407040300;0;14;;;;
31/12/2013;221407050000;0;14;;;;
31/12/2013;221407050100;0;14;;;;
31/12/2013;221407050200;0;14;;;;
31/12/2013;221407050300;0;14;;;;
31/12/2013;221407060000;0;14;;;;
31/12/2013;221407060100;0;14;;;;
31/12/2013;221407060200;0;14;;;;
31/12/2013;221407060300;0;14;;;;
31/12/2013;221407070000;0;14;;;;
31/12/2013;221407070100;0;14;;;;
31/12/2013;221407070200;0;14;;;;
31/12/2013;221407070300;0;14;;;;
31/12/2013;221700000000;0;14;;;;
31/12/2013;221900000000;0;14;;;;
31/12/2013;221901000000;0;14;;;;
31/12/2013;230000000000;0;14;;;;
31/12/2013;230100000000;0;14;;;;
31/12/2013;230200000000;0;14;;;;
31/12/2013;230201000000;0;14;;;;
31/12/2013;230202000000;0;14;;;;
31/12/2013;230203000000;0;14;;;;
31/12/2013;230204000000;0;14;;;;
31/12/2013;230205000000;0;14;;;;
31/12/2013;230300000000;0;14;;;;
31/12/2013;230301000000;0;14;;;;
31/12/2013;230302000000;0;14;;;;
31/12/2013;230303000000;0;14;;;;
31/12/2013;230304000000;0;14;;;;
31/12/2013;230305000000;0;14;;;;
31/12/2013;240000000000;433101590;14;;;;
31/12/2013;240100000000;428632666;14;;;;
31/12/2013;240102000000;5407230;14;;;;
31/12/2013;240102010000;0;14;;;;
31/12/2013;240102020000;0;14;;;;
31/12/2013;240102030000;0;14;;;;
31/12/2013;240102040000;0;14;;;;
31/12/2013;240102050000;0;14;;;;
31/12/2013;240102060000;4105774;14;;;;
31/12/2013;240102070000;0;14;;;;
31/12/2013;240102080000;0;14;;;;
31/12/2013;240102090000;0;14;;;;
31/12/2013;240102900000;1301456;14;;;;
31/12/2013;240103000000;0;14;;;;
31/12/2013;240104000000;0;14;;;;
31/12/2013;240105000000;0;14;;;;
31/12/2013;240106000000;0;14;;;;
31/12/2013;240107000000;81953;14;;;;
31/12/2013;240108000000;316651765;14;;;;
31/12/2013;240109000000;15130460;14;;;;
31/12/2013;240110000000;22014028;14;;;;
31/12/2013;240110060000;0;14;;;;
31/12/2013;240110070000;20050641;14;;;;
31/12/2013;240110070100;20050641;14;;;;
31/12/2013;240110070200;0;14;;;;
31/12/2013;240110080000;1963387;14;;;;
31/12/2013;240110080100;0;14;;;;
31/12/2013;240110080200;1963387;14;;;;
31/12/2013;240110089000;0;14;;;;
31/12/2013;240112000000;12285511;14;;;;
31/12/2013;240112020000;0;14;;;;
31/12/2013;240112030000;0;14;;;;
31/12/2013;240112040000;0;14;;;;
31/12/2013;240112060000;0;14;;;;
31/12/2013;240112070000;0;14;;;;
31/12/2013;240112090000;0;14;;;;
31/12/2013;240112900000;12285511;14;;;;
31/12/2013;240113000000;0;14;;;;
31/12/2013;240115000000;0;14;;;;
31/12/2013;240116000000;0;14;;;;
31/12/2013;240190000000;57061719;14;;;;
31/12/2013;240200000000;0;14;;;;
31/12/2013;240201000000;0;14;;;;
31/12/2013;240202000000;0;14;;;;
31/12/2013;240300000000;0;14;;;;
31/12/2013;240800000000;4468924;14;;;;
31/12/2013;240900000000;0;14;;;;
31/12/2013;240901000000;0;14;;;;
31/12/2013;240902000000;0;14;;;;
31/12/2013;240903000000;0;14;;;;
31/12/2013;240904000000;0;14;;;;
31/12/2013;240905000000;0;14;;;;
31/12/2013;241000000000;0;14;;;;
31/12/2013;241300000000;0;14;;;;
31/12/2013;270000000000;0;14;;;;
31/12/2013;270100000000;0;14;;;;
31/12/2013;270101000000;0;14;;;;
31/12/2013;270103000000;0;14;;;;
31/12/2013;270104000000;0;14;;;;
31/12/2013;270105000000;0;14;;;;
31/12/2013;280000000000;135385366;14;;;;
31/12/2013;280100000000;131696709;14;;;;
31/12/2013;280300000000;3688657;14;;;;
31/12/2013;290000000000;25558576;14;;;;
31/12/2013;293100000000;25558576;14;;;;
31/12/2013;293101000000;1006268;14;;;;
31/12/2013;293103000000;0;14;;;;
31/12/2013;293104000000;24552308;14;;;;
31/12/2013;293105000000;0;14;;;;
31/12/2013;293106000000;0;14;;;;
31/12/2013;293108000000;0;14;;;;
31/12/2013;293111000000;0;14;;;;
31/12/2013;293112000000;0;14;;;;
31/12/2013;293190000000;0;14;;;;
31/12/2013;293200000000;0;14;;;;
31/12/2013;293201000000;0;14;;;;
31/12/2013;293202000000;0;14;;;;
31/12/2013;293207000000;0;14;;;;
31/12/2013;293208000000;0;14;;;;
31/12/2013;293209000000;0;14;;;;
31/12/2013;293290000000;0;14;;;;
31/12/2013;400000000000;2147483647;14;;;;
31/12/2013;410000000000;2147483647;14;;;;
31/12/2013;410100000000;2550000000;14;;;;
31/12/2013;410200000000;0;14;;;;
31/12/2013;410300000000;15519351;14;;;;
31/12/2013;410400000000;0;14;;;;
31/12/2013;410500000000;0;14;;;;
31/12/2013;410700000000;0;14;;;;
31/12/2013;410800000000;0;14;;;;
31/12/2013;411100000000;0;14;;;;
31/12/2013;411200000000;0;14;;;;
31/12/2013;420000000000;48656630;14;;;;
31/12/2013;420100000000;76796505;14;;;;
31/12/2013;420200000000;0;14;;;;
31/12/2013;420300000000;-28035497.89;14;;;;
31/12/2013;420301000000;-28035498;14;;;;
31/12/2013;420302000000;0;14;;;;
31/12/2013;420400000000;-104377;14;;;;
31/12/2013;420500000000;0;14;;;;
31/12/2013;420501000000;0;14;;;;
31/12/2013;420502000000;0;14;;;;
31/12/2013;420503000000;0;14;;;;
31/12/2013;420504000000;0;14;;;;
31/12/2013;420900000000;0;14;;;;
31/12/2013;420901000000;0;14;;;;
31/12/2013;421400000000;0;14;;;;
31/12/2013;421500000000;0;14;;;;
31/12/2013;421501000000;0;14;;;;
31/12/2013;421502000000;0;14;;;;
31/12/2013;421503000000;0;14;;;;
31/12/2013;421504000000;0;14;;;;
31/12/2013;421600000000;0;14;;;;
31/12/2013;421700000000;0;14;;;;
31/12/2013;421701000000;0;14;;;;
31/12/2013;421702000000;0;14;;;;
31/12/2013;421703000000;0;14;;;;
31/12/2013;421704000000;0;14;;;;
31/12/2013;421800000000;0;14;;;;
31/12/2013;429000000000;0;14;;;;
31/12/2013;505000000000;-66439307;14;;;;
31/12/2013;505001000000;0;14;;;;
31/12/2013;505002000000;0;14;;;;
31/12/2013;505003000000;0;14;;;;
31/12/2013;505004000000;0;14;;;;
31/12/2013;505005000000;-101826442;14;;;;
31/12/2013;505006000000;542855;14;;;;
31/12/2013;505007000000;-499071;14;;;;
31/12/2013;505008000000;0;14;;;;
31/12/2013;505010000000;0;14;;;;
31/12/2013;505011000000;0;14;;;;
31/12/2013;505012000000;0;14;;;;
31/12/2013;505013000000;0;14;;;;
31/12/2013;505015000000;0;14;;;;
31/12/2013;505016000000;0;14;;;;
31/12/2013;505017000000;0;14;;;;
31/12/2013;505017010000;0;14;;;;
31/12/2013;505017020000;0;14;;;;
31/12/2013;505017030000;0;14;;;;
31/12/2013;505017040000;0;14;;;;
31/12/2013;505017050000;0;14;;;;
31/12/2013;505018000000;0;14;;;;
31/12/2013;505018010000;0;14;;;;
31/12/2013;505018020000;0;14;;;;
31/12/2013;505023000000;738996;14;;;;
31/12/2013;505023010000;0;14;;;;
31/12/2013;505023020000;0;14;;;;
31/12/2013;505023030000;0;14;;;;
31/12/2013;505023090000;738996;14;;;;
31/12/2013;505024000000;0;14;;;;
31/12/2013;505025000000;-5831667;14;;;;
31/12/2013;505026000000;-9281032;14;;;;
31/12/2013;505026010000;-419823;14;;;;
31/12/2013;505026020000;-8057779;14;;;;
31/12/2013;505026030000;-789976;14;;;;
31/12/2013;505026090000;-13454;14;;;;
31/12/2013;505027000000;0;14;;;;
31/12/2013;505028000000;36206;14;;;;
31/12/2013;505029000000;0;14;;;;
31/12/2013;505030000000;4207078;14;;;;
31/12/2013;505031000000;500440;14;;;;
31/12/2013;505032000000;0;14;;;;
31/12/2013;505033000000;0;14;;;;
31/12/2013;505034000000;0;14;;;;
31/12/2013;505035000000;0;14;;;;
31/12/2013;505036000000;0;14;;;;
31/12/2013;505037000000;0;14;;;;
31/12/2013;505038000000;0;14;;;;
31/12/2013;505039000000;0;14;;;;
31/12/2013;505040000000;0;14;;;;
31/12/2013;505088000000;0;14;;;;
31/12/2013;505089000000;0;14;;;;
31/12/2013;505090000000;44973330;14;;;;
31/12/2013;505091000000;0;14;;;;
31/12/2013;505099000000;0;14;;;;
31/12/2013;510000000000;2147483647;14;;;;
31/12/2013;510100000000;27252811;14;;;;
31/12/2013;510101000000;22196353;14;;;;
31/12/2013;510102000000;5056458;14;;;;
31/12/2013;510200000000;517479793;14;;;;
31/12/2013;510251000000;0;14;;;;
31/12/2013;510251050000;0;14;;;;
31/12/2013;510251060000;0;14;;;;
31/12/2013;510251210000;0;14;;;;
31/12/2013;510261000000;517479793;14;;;;
31/12/2013;510261010000;492387752;14;;;;
31/12/2013;510261020000;25092041;14;;;;
31/12/2013;510261030000;0;14;;;;
31/12/2013;510261040000;0;14;;;;
31/12/2013;510261050000;0;14;;;;
31/12/2013;510261130000;0;14;;;;
31/12/2013;510261900000;0;14;;;;
31/12/2013;510266000000;0;14;;;;
31/12/2013;510266010000;0;14;;;;
31/12/2013;510266020000;0;14;;;;
31/12/2013;510300000000;649982166;14;;;;
31/12/2013;510301000000;393350539;14;;;;
31/12/2013;510302000000;0;14;;;;
31/12/2013;510303000000;256631627;14;;;;
31/12/2013;510400000000;0;14;;;;
31/12/2013;510500000000;2147483647;14;;;;
31/12/2013;510501000000;52260881;14;;;;
31/12/2013;510501070000;52260881;14;;;;
31/12/2013;510501070100;52150383;14;;;;
31/12/2013;510501070200;110498;14;;;;
31/12/2013;510501070300;0;14;;;;
31/12/2013;510501080000;0;14;;;;
31/12/2013;510501080100;0;14;;;;
31/12/2013;510501080200;0;14;;;;
31/12/2013;510501080300;0;14;;;;
31/12/2013;510511000000;2147483647;14;;;;
31/12/2013;510511670000;2147483647;14;;;;
31/12/2013;510511670100;2147483647;14;;;;
31/12/2013;510511670200;449887683;14;;;;
31/12/2013;510511670300;0;14;;;;
31/12/2013;510511670400;0;14;;;;
31/12/2013;510511670500;0;14;;;;
31/12/2013;510511671300;0;14;;;;
31/12/2013;510511679000;0;14;;;;
31/12/2013;510511680000;0;14;;;;
31/12/2013;510511680100;0;14;;;;
31/12/2013;510511680200;0;14;;;;
31/12/2013;510511680300;0;14;;;;
31/12/2013;510511680400;0;14;;;;
31/12/2013;510511680500;0;14;;;;
31/12/2013;510511681300;0;14;;;;
31/12/2013;510511689000;0;14;;;;
31/12/2013;510516000000;0;14;;;;
31/12/2013;510516070000;0;14;;;;
31/12/2013;510516070100;0;14;;;;
31/12/2013;510516070200;0;14;;;;
31/12/2013;510516080000;0;14;;;;
31/12/2013;510516080100;0;14;;;;
31/12/2013;510516080200;0;14;;;;
31/12/2013;510600000000;763271;14;;;;
31/12/2013;510651000000;763271;14;;;;
31/12/2013;510661000000;0;14;;;;
31/12/2013;510671000000;0;14;;;;
31/12/2013;510700000000;5434666;14;;;;
31/12/2013;510800000000;64179;14;;;;
31/12/2013;510801000000;0;14;;;;
31/12/2013;510802000000;0;14;;;;
31/12/2013;510803000000;64179;14;;;;
31/12/2013;510804000000;0;14;;;;
31/12/2013;511100000000;0;14;;;;
31/12/2013;511101000000;0;14;;;;
31/12/2013;511102000000;0;14;;;;
31/12/2013;511200000000;0;14;;;;
31/12/2013;511201000000;0;14;;;;
31/12/2013;511202000000;0;14;;;;
31/12/2013;511290000000;0;14;;;;
31/12/2013;511800000000;0;14;;;;
31/12/2013;511900000000;0;14;;;;
31/12/2013;519900000000;0;14;;;;
31/12/2013;520000000000;0;14;;;;
31/12/2013;520200000000;0;14;;;;
31/12/2013;520300000000;0;14;;;;
31/12/2013;529900000000;0;14;;;;
31/12/2013;530000000000;1284753451;14;;;;
31/12/2013;530100000000;0;14;;;;
31/12/2013;530200000000;0;14;;;;
31/12/2013;530300000000;0;14;;;;
31/12/2013;530400000000;0;14;;;;
31/12/2013;530500000000;0;14;;;;
31/12/2013;530600000000;938010838;14;;;;
31/12/2013;530800000000;0;14;;;;
31/12/2013;530900000000;30326809;14;;;;
31/12/2013;531100000000;0;14;;;;
31/12/2013;531200000000;0;14;;;;
31/12/2013;531300000000;0;14;;;;
31/12/2013;531400000000;0;14;;;;
31/12/2013;531500000000;0;14;;;;
31/12/2013;531600000000;0;14;;;;
31/12/2013;531700000000;0;14;;;;
31/12/2013;532100000000;1124382;14;;;;
31/12/2013;532101000000;1124382;14;;;;
31/12/2013;532101070000;1124382;14;;;;
31/12/2013;532101070100;1104382;14;;;;
31/12/2013;532101070101;0;14;;;;
31/12/2013;532101070102;0;14;;;;
31/12/2013;532101070103;0;14;;;;
31/12/2013;532101070104;0;14;;;;
31/12/2013;532101070105;0;14;;;;
31/12/2013;532101070190;1104382;14;;;;
31/12/2013;532101070200;20000;14;;;;
31/12/2013;532101070300;0;14;;;;
31/12/2013;532101080000;0;14;;;;
31/12/2013;532101080100;0;14;;;;
31/12/2013;532101080101;0;14;;;;
31/12/2013;532101080102;0;14;;;;
31/12/2013;532101080103;0;14;;;;
31/12/2013;532101080104;0;14;;;;
31/12/2013;532101080105;0;14;;;;
31/12/2013;532101080190;0;14;;;;
31/12/2013;532101080200;0;14;;;;
31/12/2013;532101080300;0;14;;;;
31/12/2013;532111000000;0;14;;;;
31/12/2013;532111070000;0;14;;;;
31/12/2013;532111070100;0;14;;;;
31/12/2013;532111070101;0;14;;;;
31/12/2013;532111070102;0;14;;;;
31/12/2013;532111070200;0;14;;;;
31/12/2013;532111070300;0;14;;;;
31/12/2013;532111070400;0;14;;;;
31/12/2013;532111070500;0;14;;;;
31/12/2013;532111070600;0;14;;;;
31/12/2013;532111079000;0;14;;;;
31/12/2013;532111080000;0;14;;;;
31/12/2013;532111080100;0;14;;;;
31/12/2013;532111080101;0;14;;;;
31/12/2013;532111080102;0;14;;;;
31/12/2013;532111080200;0;14;;;;
31/12/2013;532111080300;0;14;;;;
31/12/2013;532111080400;0;14;;;;
31/12/2013;532111080500;0;14;;;;
31/12/2013;532111080600;0;14;;;;
31/12/2013;532111089000;0;14;;;;
31/12/2013;532166000000;0;14;;;;
31/12/2013;532166070000;0;14;;;;
31/12/2013;532166070100;0;14;;;;
31/12/2013;532166070200;0;14;;;;
31/12/2013;532166080000;0;14;;;;
31/12/2013;532166080100;0;14;;;;
31/12/2013;532166080200;0;14;;;;
31/12/2013;539000000000;315291422;14;;;;
31/12/2013;539900000000;0;14;;;;
31/12/2013;540000000000;7717888;14;;;;
31/12/2013;540100000000;7486094;14;;;;
31/12/2013;540101000000;7486094;14;;;;
31/12/2013;540131000000;0;14;;;;
31/12/2013;540141000000;0;14;;;;
31/12/2013;540142000000;0;14;;;;
31/12/2013;540192000000;0;14;;;;
31/12/2013;540200000000;0;14;;;;
31/12/2013;540201000000;0;14;;;;
31/12/2013;540202000000;0;14;;;;
31/12/2013;540203000000;0;14;;;;
31/12/2013;540300000000;231794;14;;;;
31/12/2013;540301000000;231794;14;;;;
31/12/2013;540302000000;0;14;;;;
31/12/2013;540303000000;0;14;;;;
31/12/2013;540331000000;0;14;;;;
31/12/2013;540341000000;0;14;;;;
31/12/2013;540400000000;0;14;;;;
31/12/2013;540500000000;0;14;;;;
31/12/2013;540600000000;0;14;;;;
31/12/2013;540700000000;0;14;;;;
31/12/2013;540900000000;0;14;;;;
31/12/2013;541000000000;0;14;;;;
31/12/2013;541002000000;0;14;;;;
31/12/2013;541003000000;0;14;;;;
31/12/2013;549900000000;0;14;;;;
31/12/2013;560000000000;-149864925;14;;;;
31/12/2013;560100000000;-149864925;14;;;;
31/12/2013;569000000000;0;14;;;;
31/12/2013;569900000000;0;14;;;;
31/12/2013;570000000000;0;14;;;;
31/12/2013;570100000000;0;14;;;;
31/12/2013;570103000000;0;14;;;;
31/12/2013;570103010000;0;14;;;;
31/12/2013;570103020000;0;14;;;;
31/12/2013;570105000000;0;14;;;;
31/12/2013;570105010000;0;14;;;;
31/12/2013;570105020000;0;14;;;;
31/12/2013;579900000000;0;14;;;;
31/12/2013;580000000000;0;14;;;;
31/12/2013;580100000000;0;14;;;;
31/12/2013;589900000000;0;14;;;;
31/12/2013;610000000000;463220954;14;;;;
31/12/2013;610100000000;381188795;14;;;;
31/12/2013;610200000000;47507986;14;;;;
31/12/2013;610300000000;0;14;;;;
31/12/2013;610400000000;0;14;;;;
31/12/2013;610600000000;0;14;;;;
31/12/2013;610601000000;0;14;;;;
31/12/2013;610603000000;0;14;;;;
31/12/2013;610604000000;0;14;;;;
31/12/2013;610605000000;0;14;;;;
31/12/2013;610700000000;0;14;;;;
31/12/2013;610800000000;1524397;14;;;;
31/12/2013;610801000000;1524397;14;;;;
31/12/2013;610802000000;0;14;;;;
31/12/2013;610803000000;0;14;;;;
31/12/2013;611100000000;0;14;;;;
31/12/2013;611101000000;0;14;;;;
31/12/2013;611102000000;0;14;;;;
31/12/2013;611200000000;32866762;14;;;;
31/12/2013;611400000000;133014;14;;;;
31/12/2013;611700000000;0;14;;;;
31/12/2013;611900000000;0;14;;;;
31/12/2013;619900000000;0;14;;;;
31/12/2013;620000000000;2147483647;14;;;;
31/12/2013;629100000000;2147483647;14;;;;
31/12/2013;629101000000;2147483647;14;;;;
31/12/2013;629101510000;469689;14;;;;
31/12/2013;629101510700;469689;14;;;;
31/12/2013;629101510701;469689;14;;;;
31/12/2013;629101510702;0;14;;;;
31/12/2013;629101510703;0;14;;;;
31/12/2013;629101510800;0;14;;;;
31/12/2013;629101510801;0;14;;;;
31/12/2013;629101510802;0;14;;;;
31/12/2013;629101510803;0;14;;;;
31/12/2013;629101610000;2147483647;14;;;;
31/12/2013;629101616700;2147483647;14;;;;
31/12/2013;629101616701;1929032743;14;;;;
31/12/2013;629101616702;300409943;14;;;;
31/12/2013;629101616703;0;14;;;;
31/12/2013;629101616704;0;14;;;;
31/12/2013;629101616705;0;14;;;;
31/12/2013;629101616713;0;14;;;;
31/12/2013;629101616790;0;14;;;;
31/12/2013;629101616800;0;14;;;;
31/12/2013;629101616801;0;14;;;;
31/12/2013;629101616802;0;14;;;;
31/12/2013;629101616803;0;14;;;;
31/12/2013;629101616804;0;14;;;;
31/12/2013;629101616805;0;14;;;;
31/12/2013;629101616813;0;14;;;;
31/12/2013;629101616890;0;14;;;;
31/12/2013;629101660000;0;14;;;;
31/12/2013;629101660700;0;14;;;;
31/12/2013;629101660701;0;14;;;;
31/12/2013;629101660702;0;14;;;;
31/12/2013;629101660800;0;14;;;;
31/12/2013;629101660801;0;14;;;;
31/12/2013;629101660802;0;14;;;;
31/12/2013;629197000000;0;14;;;;
31/12/2013;629600000000;280979708;14;;;;
31/12/2013;629601000000;0;14;;;;
31/12/2013;629602000000;0;14;;;;
31/12/2013;629603000000;0;14;;;;
31/12/2013;629604000000;84733;14;;;;
31/12/2013;629605000000;280894975;14;;;;
31/12/2013;629607000000;0;14;;;;
31/12/2013;629608000000;0;14;;;;
31/12/2013;629669000000;0;14;;;;
31/12/2013;629900000000;0;14;;;;
31/12/2013;630000000000;12613050;14;;;;
31/12/2013;630100000000;0;14;;;;
31/12/2013;630200000000;0;14;;;;
31/12/2013;630400000000;0;14;;;;
31/12/2013;631100000000;0;14;;;;
31/12/2013;631200000000;4704169;14;;;;
31/12/2013;639000000000;7908881;14;;;;
31/12/2013;639900000000;0;14;;;;
31/12/2013;640000000000;2147483647;14;;;;
31/12/2013;640200000000;9245337;14;;;;
31/12/2013;640300000000;3783537;14;;;;
31/12/2013;640400000000;1133220;14;;;;
31/12/2013;640500000000;63229660;14;;;;
31/12/2013;640600000000;72287314;14;;;;
31/12/2013;640800000000;1242837;14;;;;
31/12/2013;640900000000;12172845;14;;;;
31/12/2013;641000000000;1008999231;14;;;;
31/12/2013;641100000000;51262511;14;;;;
31/12/2013;641101000000;45007039;14;;;;
31/12/2013;641102000000;6255472;14;;;;
31/12/2013;641103000000;0;14;;;;
31/12/2013;649000000000;39036277;14;;;;
31/12/2013;649100000000;986309606;14;;;;
31/12/2013;649200000000;7927825;14;;;;
31/12/2013;649201000000;0;14;;;;
31/12/2013;649202000000;7585574;14;;;;
31/12/2013;649202010000;7585574;14;;;;
31/12/2013;649202020000;0;14;;;;
31/12/2013;649203000000;342251;14;;;;
31/12/2013;649203010000;0;14;;;;
31/12/2013;649203020000;342251;14;;;;
31/12/2013;649203030000;0;14;;;;
31/12/2013;649300000000;0;14;;;;
31/12/2013;649900000000;0;14;;;;
31/12/2013;660000000000;114415544;14;;;;
31/12/2013;660100000000;114415544;14;;;;
31/12/2013;669900000000;0;14;;;;
31/12/2013;700000000000;2147483647;14;;;;
31/12/2013;710000000000;0;14;;;;
31/12/2013;730000000000;2147483647;14;;;;
31/12/2013;740000000000;0;14;;;;
31/12/2013;740100000000;0;14;;;;
31/12/2013;740101000000;0;14;;;;
31/12/2013;740102000000;0;14;;;;
31/12/2013;740103000000;0;14;;;;
31/12/2013;740104000000;0;14;;;;
31/12/2013;740200000000;0;14;;;;
31/12/2013;750000000000;79998940;14;;;;
31/12/2013;750100000000;79998940;14;;;;
31/12/2013;750101000000;0;14;;;;
31/12/2013;750104000000;0;14;;;;
31/12/2013;750105000000;0;14;;;;
31/12/2013;750190000000;79998940;14;;;;
31/12/2013;750300000000;0;14;;;;
31/12/2013;760000000000;0;14;;;;
31/12/2013;760100000000;0;14;;;;
31/12/2013;760400000000;0;14;;;;
31/12/2013;760900000000;0;14;;;;
31/12/2013;771000000000;48908569;14;;;;
31/12/2013;773100000000;1000325223;14;;;;
31/12/2013;773106000000;0;14;;;;
31/12/2013;773107000000;1000325223;14;;;;
31/12/2013;773108000000;0;14;;;;
31/12/2013;773110000000;0;14;;;;
31/12/2013;773190000000;0;14;;;;
31/12/2013;773191000000;0;14;;;;
31/12/2013;773200000000;0;14;;;;
31/12/2013;773207000000;0;14;;;;
31/12/2013;773208000000;0;14;;;;
31/12/2013;773209000000;0;14;;;;
31/12/2013;773210000000;0;14;;;;
31/12/2013;773290000000;0;14;;;;
31/12/2013;780000000000;2147483647;14;;;;
31/12/2013;781503000000;1000325223;14;;;;
31/12/2013;790000000000;23509558;14;;;;
31/12/2013;190100000000;848970170;14;;;;
31/12/2013;190102030000;430346407;14;;;;
31/12/2013;179002010000;2877546;14;;;;
31/12/2013;500000000000;6037172931;14;;;;
31/12/2013;600000000000;5367246638;14;;;;
