# Host: localhost  (Version: 5.6.14)
# Date: 2014-03-29 20:33:48
# Generator: MySQL-Front 5.3  (Build 4.108)

/*!40101 SET NAMES utf8 */;

#
# Structure for table "catalogocuenta"
#

DROP TABLE IF EXISTS `catalogocuenta`;
CREATE TABLE `catalogocuenta` (
  `idCatalogoCuenta` bigint(20) NOT NULL AUTO_INCREMENT,
  `desCatalogoCuenta` varchar(400) NOT NULL DEFAULT '',
  PRIMARY KEY (`idCatalogoCuenta`)
) ENGINE=InnoDB AUTO_INCREMENT=790000000002 DEFAULT CHARSET=utf8 COMMENT='catalogoCuenta';

#
# Data for table "catalogocuenta"
#

INSERT INTO `catalogocuenta` VALUES (1,'ICAP'),(901001,'Nominal en moneda nacional'),(901002,'Compensaciones al requerimiento de capital'),(901003,'Requerimiento de capital por posición ponderada total'),(901004,'Compensación entre Bandas de distintas zonas alejadas (Requerimiento de capital)'),(901005,'Compensación entre Bandas de distintas zonas contiguas (Requerimiento de capital)'),(901006,'Compensación entre Bandas misma zona (Requerimiento de capital)'),(901007,'1 a 7 días'),(901008,'8 a 31 días'),(901009,'32 a 92 días'),(901010,'93 a 184 días'),(901011,'183 a 366 días'),(901012,'367 a 731 días'),(901013,'732 a 1096 días'),(901014,'1097 a 1461 días'),(901015,'1462 a 1827 días'),(901016,'1828 a 2557 días'),(901017,'2558 a 3653 días'),(901018,'3654 a 5479 días'),(901019,'5480 a 7305 días'),(901020,'mas de 7306 días'),(901021,'Activos Netos Ponderados por Requerimiento Mínimo'),(901022,'Pasivos Netos Ponderados por Requerimiento Mínimo'),(901023,'Compensación entre Bandas de zonas alejadas (Monto Compensado)'),(901024,'Compensación entre Bandas de distinas zonas (Posición neta Zona 3)'),(901025,'Compensación entre Bandas de distinas zonas (Posición neta Zona 2)'),(901026,'Compensación entre Bandas de distinas zonas (Posición neta Zona 1)'),(901027,'Compensación entre Bandas de  distintas zonas contiguas (Monto Compensado)'),(901028,'Compensación entre Bandas de misma zona (Requerimiento de Capital Zona 1)'),(901029,'Compensación entre Bandas de misma zona (Requerimiento de Capital Zona 2)'),(901030,'Compensación entre Bandas de misma zona (Requerimiento de Capital Zona 3)'),(901031,'Compensación entre distintas zonas alejadas (ponderación para Requerimiento de capital)'),(901032,'Compensación entre distintas zonas contiguas (ponderación para Requerimiento de capital)'),(901033,'Ponderación de compensaciones de las Bandas'),(901034,'Monto Compensado de 1 a 7 días'),(901035,'Monto Compensado de 8 a 31 días'),(901036,'Monto Compensado de 32 a 92 días'),(901037,'Monto Compensado de 93 a 184 días'),(901038,'Monto Compensado de 185 a 366 días'),(901039,'Monto Compensado de 367 a 731 días'),(901040,'Monto Compensado de 732 a 1096 días'),(901041,'Monto Compensado de 1097 a 1461 días'),(901042,'Monto Compensado de 1462 a 1827 días'),(901043,'Monto Compensado de 1828 a 2557 días'),(901044,'Monto Compensado de 2558 a 3653 días'),(901045,'Monto Compensado de 3654 a 5479 días'),(901046,'Monto Compensado de 5480 a 7305 días'),(901047,'Monto Compensado mas de 7306 días'),(901048,'Activos Netos Ponderados por Requerimiento Minimo de 1 a 7 días'),(901049,'Activos Netos Ponderados por Requerimiento Minimo de 8 a 31 días'),(901050,'Activos Netos Ponderados por Requerimiento Minimo de 32 a 92 días'),(901051,'Activos Netos Ponderados por Requerimiento Minimo de 93 a 184 días'),(901052,'Activos Netos Ponderados por Requerimiento Minimo de 185 a 366 días'),(901053,'Activos Netos Ponderados por Requerimiento Minimo de 367 a 731 días'),(901054,'Activos Netos Ponderados por Requerimiento Minimo de 732 a 1096 días'),(901055,'Activos Netos Ponderados por Requerimiento Minimo de 1097 a 1461 días'),(901056,'Activos Netos Ponderados por Requerimiento Minimo de 1462 a 1827 días'),(901057,'Activos Netos Ponderados por Requerimiento Minimo de 1828 a 2557 días'),(901058,'Activos Netos Ponderados por Requerimiento Minimo de 2558 a 3653 días'),(901059,'Activos Netos Ponderados por Requerimiento Minimo de 3654 a 5479 días'),(901060,'Activos Netos Ponderados por Requerimiento Minimo de 5480 a 7305 días'),(901061,'Activos Netos Ponderados por Requerimiento Minimo de mas de 7306 días'),(901062,'Pasivos Netos Ponderados por Requerimiento Minimo de 1 a 7 días'),(901063,'Pasivos Netos Ponderados por Requerimiento Minimo de 8 a 31 días'),(901064,'Pasivos Netos Ponderados por Requerimiento Minimo de 32 a 92 días'),(901065,'Pasivos Netos Ponderados por Requerimiento Minimo de 93 a 184 días'),(901066,'Pasivos Netos Ponderados por Requerimiento Minimo de 185 a 366 días'),(901067,'Pasivos Netos Ponderados por Requerimiento Minimo de 367 a 731 días'),(901068,'Pasivos Netos Ponderados por Requerimiento Minimo de 732 a 1096 días'),(901069,'Pasivos Netos Ponderados por Requerimiento Minimo de 1097 a 1461 días'),(901070,'Pasivos Netos Ponderados por Requerimiento Minimo de 1462 a 1827 días'),(901071,'Pasivos Netos Ponderados por Requerimiento Minimo de 1828 a 2557 días'),(901072,'Pasivos Netos Ponderados por Requerimiento Minimo de 2558 a 3653 días'),(901073,'Pasivos Netos Ponderados por Requerimiento Minimo de 3654 a 5479 días'),(901074,'Pasivos Netos Ponderados por Requerimiento Minimo de 5480 a 7305 días'),(901075,'Pasivos Netos Ponderados por Requerimiento Minimo de mas de 7306 días'),(901076,'Posición Neta Banda de 1 a 7 días'),(901077,'Posición Neta Banda de 8 a 31 días'),(901078,'Posición Neta Banda de 32 a 92 días'),(901079,'Posición Neta Banda de 93 a 184 días'),(901080,'Posición Neta Banda de 185 a 766 días'),(901081,'Posición Neta Banda de 367 a 731 días'),(901082,'Posición Neta Banda de 732 a 1096 días'),(901083,'Posición Neta Banda de 1097 a 1461 días'),(901084,'Posición Neta Banda de 1462 a 1827 días'),(901085,'Posición Neta Banda de 1828 a 2557 días'),(901086,'Posición Neta Banda de 2558 a 3653 días'),(901087,'Posición Neta Banda de 3654 a 5479 días'),(901088,'Posición Neta Banda de 5480 a 7305 días'),(901089,'Posición Neta Banda de mas de 7306 días'),(901090,'Ponderación de Compensaciones de las Bandas Misma Zona (Zona 1)'),(901091,'Ponderación de Compensaciones de las Bandas Misma Zona (Zona 2)'),(901092,'Ponderación de Compensaciones de las Bandas Misma Zona (Zona 3)'),(901093,'Activos Netos de 1 a 7 días'),(901094,'Activos Netos de 8 a 31 días'),(901095,'Activos Netos de 32 a 92 días'),(901096,'Activos Netos de 93 a 184 días'),(901097,'Activos Netos de 185 a 366 días'),(901098,'Activos Netos de 367 a 731 días'),(901099,'Activos Netos de 732 a 1096 días'),(901100,'Activos Netos de 1097 a 1461 días'),(901101,'Activos Netos de 1462 a 1827 días'),(901102,'Activos Netos de 1828 a 2557 días'),(901103,'Activos Netos de 2558 a 3653 días'),(901104,'Activos Netos de 3654 a 5479 días'),(901105,'Activos Netos de 5480 a 7305 días'),(901106,'Activos Netos de mas de 7306 días'),(901107,'Coeficiente de Requerimiento Minimo de 1 a 7 días'),(901108,'Coeficiente de Requerimiento Minimo de 8 a 31 días'),(901109,'Coeficiente de Requerimiento Minimo de 32 a 92 días'),(901110,'Coeficiente de Requerimiento Minimo de 93 a 184 días'),(901111,'Coeficiente de Requerimiento Minimo de 185 a 366 días'),(901112,'Coeficiente de Requerimiento Minimo de 367 a 731 días'),(901113,'Coeficiente de Requerimiento Minimo de 732 a 1096 días'),(901114,'Coeficiente de Requerimiento Minimo de 1097 a 1461 días'),(901115,'Coeficiente de Requerimiento Minimo de 1462 a 1827 días'),(901116,'Coeficiente de Requerimiento Minimo de 1828 a 2557 días'),(901117,'Coeficiente de Requerimiento Minimo de 2558 a 3653 días'),(901118,'Coeficiente de Requerimiento Minimo de 3654 a 5479 días'),(901119,'Coeficiente de Requerimiento Minimo de 5480 a 7305 días'),(901120,'Coeficiente de Requerimiento Minimo de mas de 7306 días'),(901121,'Pasivos Netos de 1 a 7 días'),(901122,'Pasivos Netos de 8 a 31 días'),(901123,'Pasivos Netos de 32 a 92 días'),(901124,'Pasivos Netos de 93 a 184 días'),(901125,'Pasivos Netos de 185 a 366 días'),(901126,'Pasivos Netos de 367 a 731 días'),(901127,'Pasivos Netos de 732 a 1096 días'),(901128,'Pasivos Netos de 1097 a 1461 días'),(901129,'Pasivos Netos de 1462 a 1827 días'),(901130,'Pasivos Netos de 1828 a 2557 días'),(901131,'Pasivos Netos de 2558 a 3653 días'),(901132,'Pasivos Netos de 3654 a 5479 días'),(901133,'Pasivos Netos de 5480 a 7305 días'),(901134,'Pasivos Netos de mas de 7306 días'),(901135,'Compensación entre Bandas Misma Zona (Monto Compensado Zona 1)'),(901136,'Compensación entre Bandas Misma Zona (Monto Compensado Zona 2)'),(901137,'Compensación entre Bandas Misma Zona (Monto Compensado Zona 3)'),(901138,'Activos Brutos de 1 a 7 días'),(901139,'Activos Brutos de 8 a 31 días'),(901140,'Activos Brutos de 32 a 92 días'),(901141,'Activos Brutos de 93 a 184 días'),(901142,'Activos Brutos de 185 a 366 días'),(901143,'Activos Brutos de 367 a 731 días'),(901144,'Activos Brutos de 732 a 1096 días'),(901145,'Activos Brutos de 1097 a 1461 días'),(901146,'Activos Brutos de 1462 a 1827 días'),(901147,'Activos Brutos de 1828 a 2557 días'),(901148,'Activos Brutos de 2558 a 3653 días'),(901149,'Activos Brutos de 3654 a 5479 días'),(901150,'Activos Brutos de 5480 a 7305 días'),(901151,'Activos Brutos de  mas de 7306 días'),(901152,'Activos Sujetos a Compensación Total de 1 a 7 días'),(901153,'Activos Sujetos a Compensación Total de 8 a 31 días'),(901154,'Activos Sujetos a Compensación Total de 32 a 92 días'),(901155,'Activos Sujetos a Compensación Total de 93 a 184 días'),(901156,'Activos Sujetos a Compensación Total de 185 a 366 días'),(901157,'Activos Sujetos a Compensación Total de 367 a 731 días'),(901158,'Activos Sujetos a Compensación Total de 732 a 1096 días'),(901159,'Activos Sujetos a Compensación Total de 1097 a 1461 días'),(901160,'Activos Sujetos a Compensación Total de 1462 a 1827 días'),(901161,'Activos Sujetos a Compensación Total de 1828 a 2557 días'),(901162,'Activos Sujetos a Compensación Total de 2558 a 3653 días'),(901163,'Activos Sujetos a Compensación Total de 3654 a 5479 días'),(901164,'Activos Sujetos a Compensación Total de 5480 a 7305 días'),(901165,'Activos Sujetos a Compensación Total de mas de 7306 días'),(901166,'Pasivos Brutos de 1 a 7 días'),(901167,'Pasivos Brutos de 8 a 31 días'),(901168,'Pasivos Brutos de 32 a 92 días'),(901169,'Pasivos Brutos de 93 a 184 días'),(901170,'Pasivos Brutos de 185 a 366 días'),(901171,'Pasivos Brutos de 367 a 731 días'),(901172,'Pasivos Brutos de 732 a 1096 días'),(901173,'Pasivos Brutos de 1097 a 1461 días'),(901174,'Pasivos Brutos de 1462 a 1827 días'),(901175,'Pasivos Brutos de 1828 a 2557 días'),(901176,'Pasivos Brutos de 2558 a 3653 días'),(901177,'Pasivos Brutos de 3654 a 5479 días'),(901178,'Pasivos Brutos de 5480 a 7305 días'),(901179,'Pasivos Brutos de mas de 7306 días'),(901180,'Pasivos Sujetos a Compensación Total de 1 a 7 días'),(901181,'Pasivos Sujetos a Compensación Total de 8 a 31 días'),(901182,'Pasivos Sujetos a Compensación Total de 32 a 92 días'),(901183,'Pasivos Sujetos a Compensación Total de 93 a 184 días'),(901184,'Pasivos Sujetos a Compensación Total de 185 a 366 días'),(901185,'Pasivos Sujetos a Compensación Total de 367 a 731 días'),(901186,'Pasivos Sujetos a Compensación Total de 732 a 1096 días'),(901187,'Pasivos Sujetos a Compensación Total de 1097 a 1461 días'),(901188,'Pasivos Sujetos a Compensación Total de 1462 a 1827 días'),(901189,'Pasivos Sujetos a Compensación Total de 1828 a 2557 días'),(901190,'Pasivos Sujetos a Compensación Total de 2558 a 3653 días'),(901191,'Pasivos Sujetos a Compensación Total de 3654 a 5479 días'),(901192,'Pasivos Sujetos a Compensación Total de 5480 a 7305 días'),(901193,'Pasivos Sujetos a Compensación Total de mas de 7306 días'),(902001,'Operaciones con sobre tasa en moneda nacional'),(903001,'Operaciones con tasa real'),(904001,'Operaciones con tasa nominal en moneda extranjera'),(905001,'De los emisores de garantías reales y persona'),(905002,'Inversiones Permanentes y otros Activos'),(906001,'Operaciones en UDI´s o referidas al INPC'),(906002,'Posiciones en divisas'),(906003,'Posiciones en operaciones referidas al SMG'),(906004,'De las contrapartes de operaciones derivadas '),(907001,'De los emisores de títulos de deuda en posición'),(908001,'Operaciones con tasa referida al Salario Mínimo'),(908002,'Operaciones con acciones y sobre acciones'),(908003,'De los acreditados en operaciones de crédito'),(909001,'Capital Neto'),(909002,'Capital Básico'),(909003,'Capital Complementario'),(910001,'Por avales y líneas de crédito otorgadas y buro'),(910002,'Requerimiento de capital por riesgo de crédito'),(910003,'De los acreditados en operaciones de crédito'),(910005,''),(913001,'REQUERIMIENTOS DE CAPITAL POR RIESGO OPERACIONAL'),(915001,'De las operaciones realizadas con personas re'),(916001,'REQUERIMIENTO TOTAL DE CAPITAL POR RIESGO DE '),(916002,'REQUERIMIENTO TOTAL DE CAPITAL POR RIESGO DE '),(916004,'Requerimiento por riesgo de crédito'),(916005,'REQUERIMIENTO TOTAL DE CAPITAL'),(916006,'Sobrante o (Faltante) de capital'),(916007,'Activos por Riesgos de Mercado'),(916008,'Activos por Riesgo de Crédito'),(916009,'Activos por Riesgo Operacional'),(916010,'Activos por Riesgo Totales'),(916011,'Capital Neto / Requerimiento de Capital Total'),(916012,'Capital Neto / Activos por Riesgo de Crédito'),(916013,'Capital Neto / Activos por Riesgo Totales (IC'),(916014,'Requerimiento por faltantes de capital en fil'),(916015,'Activos por Faltantes de Capital en Filiales '),(100000000000,'ACTIVO'),(110000000000,'DISPONIBILIDADES'),(110100000000,'CAJA'),(110200000000,'BANCOS'),(110201000000,'DEPOSITOS EN BANCO DE MEXICO'),(110202000000,'DEPOSITOS EN OTRAS ENTIDADES FINANCIERAS'),(110203000000,'DIVISAS A ENTREGAR'),(110300000000,'OTRAS DISPONIBILIDADES'),(110301000000,'DOCUMENTOS DE COBRO INMEDIATO'),(110303000000,'METALES PRECIOSOS AMONEDADOS'),(110390000000,'OTRAS DISPONIBILIDADES'),(110400000000,'DISPONIBILIDADES RESTRINGIDAS O DADAS EN GARA'),(110403000000,'BANCO DE MEXICO'),(110404000000,'PRESTAMOS INTERBANCARIOS (CALL MONEY)'),(110405000000,'DIVISAS A RECIBIR'),(110411000000,'EFECTIVO ADMINISTRADO EN FIDEICOMISO'),(110490000000,'OTRAS DISPONIBILIDADES RESTRINGIDAS O DADAS E'),(115000000000,'CUENTAS DE MARGEN (DERIVADOS)'),(115001000000,'EFECTIVO'),(115002000000,'VALORES'),(115090000000,'OTROS ACTIVOS'),(120000000000,'INVERSIONES EN VALORES'),(120100000000,'TITULOS PARA NEGOCIAR'),(120101000000,'TITULOS PARA NEGOCIAR SIN RESTRICCION'),(120101010000,'Deuda gubernamental'),(120101010100,'En posicion'),(120101010200,'Por entregar'),(120101020000,'Deuda bancaria'),(120101020100,'En posicion'),(120101020200,'Por entregar'),(120101030000,'Otros tItulos de deuda'),(120101030100,'En posicion'),(120101030200,'Por entregar'),(120101040000,'INSTRUMENTOS DE PATRIMONIO NETO'),(120101040100,'EN POSICIÓN'),(120101040200,'POR ENTREGAR'),(120102000000,'TÍTULOS DISPONIBLES PARA NEGOCIAR RESTRINGIDO'),(120102010000,'Deuda gubernamental'),(120102020000,'Deuda bancaria'),(120102030000,'Otros tItulos de deuda'),(120103000000,'TITULOS PARA NEGOCIAR O DADOS EN GARANTIA EN '),(120103010000,'DEUDA GUBERNAMENTAL'),(120103020000,'DEUDA BANCARIA'),(120103030000,'OTROS TITUOS DE DEUDA'),(120103040000,'INSTRUMENTOS DE PATRIMONIO NETO'),(120104000000,'TITULOS PARA NEGOCIAR RESTRINGIDOS O DADOS EN'),(120104010000,'DEUDA GUBERNAMENTAL'),(120104010100,'EN POSICION'),(120104010200,'A RECIBIR'),(120104020000,'DEUDA BANCARIA'),(120104020100,'EN POSICION'),(120104020200,'A RECIBIR'),(120104030000,'OTROS TITULOS DE DEUDA'),(120104030100,'EN POSICION'),(120104030200,'A RECIBIR'),(120104040000,'INSTRUMENTOS DE PATRIMONIO NETO'),(120104040100,'EN POSICION'),(120104040200,'A RECIBIR'),(120200000000,'TITULOS DISPONIBLES PARA LA VENTA'),(120201000000,'TITULOS DISPONIBLES PARA LA VENTA SIN RESTRIC'),(120201010000,'Deuda gubernamental'),(120201010100,'En posicion'),(120201010200,'Por entregar'),(120201020000,'Deuda bancaria'),(120201020100,'En posicion'),(120201020200,'Por entregar'),(120201030000,'Otros tItulos de deuda'),(120201030100,'En posicion'),(120201030200,'Por entregar'),(120201040000,'INSTRUMENTOS DE PATRIMONIO NETO'),(120201040100,'EN POSICION'),(120201040200,'POR ENTREGAR'),(120202000000,'TITULOS DISPONIBLES PARA LA VENTA RESTRINGIDO'),(120202010000,'Deuda gubernamental'),(120202020000,'Deuda bancaria'),(120202030000,'Otros tItulos de deuda'),(120203000000,'TÍTULOS DISPONIBLES PARA LA VENTA RESTRINGIDO'),(120203010000,'DEUDA GUBERNAMENTAL'),(120203020000,'DEUDA BANCARIA'),(120203030000,'OTROS TITULOS DE DEUDA'),(120203040000,'INSTRUMENTOS DE PATRIMONIO NETO'),(120204000000,'TÍTULOS DISPONIBLES PARA LA VENTA RESTRINGIDO'),(120204010000,'DEUDA GUBERNAMENTAL'),(120204010100,'EN POSICION'),(120204010200,'A RECIBIR'),(120204020000,'DEUDA BANCARIA'),(120204020100,'EN POSICION'),(120204020200,'A RECIBIR'),(120204030000,'OTROS TITULOS DE DEUDA'),(120204030100,'EN POSICION'),(120204030200,'A RECIBIR'),(120204040000,'INSTRUMENTOS DE PATRIMONIO NETO'),(120204040100,'EN POSICION'),(120204040200,'A RECIBIR'),(120300000000,'TITULOS CONSERVADOS A VENCIMIENTO'),(120304000000,'TITULOS CONSERVADOS A VENCIMIENTO SIN RESTRIC'),(120304010000,'Deuda gubernamental'),(120304010100,'En posicion'),(120304010200,'Por entregar'),(120304020000,'Deuda bancaria'),(120304020100,'En posicion'),(120304020200,'Por entregar'),(120304030000,'Otros tItulos de deuda'),(120304030100,'En posicion'),(120304030200,'Por entregar'),(120305000000,'TITULOS CONSERVADOS A VENCIMIENTO RESTRINGIDO'),(120305010000,'Deuda gubernamental'),(120305020000,'Deuda bancaria'),(120305030000,'Otros tItulos de deuda'),(120306000000,'TÍTULOS CONSERVADOS A VENCIMIENTO RESTRINGIDO'),(120306010000,'DEUDA GUBERNAMENTAL'),(120306020000,'DEUDA BANCARIA'),(120306030000,'OTROS TITULOS DE DEUDA'),(120307000000,'TÍTULOS CONSERVADOS A VENCIMIENTO RESTRINGIDO'),(120307010000,'DEUDA GUBERNAMENTAL'),(120307010100,'EN POSICION'),(120307010200,'A RECIBIR'),(120307020000,'DEUDA BANCARIA'),(120307020100,'EN POSICION'),(120307020200,'A RECIBIR'),(120307030000,'OTROS TITULOS DE DEUDA'),(120307030100,'EN POSICION'),(120307030200,'A RECIBIR'),(120700000000,'PRESTAMO DE VALORES'),(120701000000,'PREMIOS A RECIBIR'),(120800000000,'DEUDORES POR REPORTO'),(121400000000,'DERIVADOS'),(121406000000,'CON FINES DE NEGOCIACION'),(121406010000,'FUTUROS A RECIBIR'),(121406010100,'Valuación'),(121406020000,'CONTRATOS ADELANTADOS A RECIBIR'),(121406020100,'Valuación'),(121406020200,'Deterioro'),(121406030000,'OPCIONES'),(121406030100,'Valuacion'),(121406030200,'Deterioro'),(121406040000,'SWAPS'),(121406040100,'Valuacion'),(121406040200,'Deterioro'),(121406050000,'DERIVADOS CREDITICIOS'),(121406050100,'Valuacion'),(121406050200,'Deterioro'),(121406060000,'OPERACIONES ESTRUCTURADAS'),(121406060100,'Valuacion'),(121406060200,'Valuacion'),(121406070000,'PAQUETES DE INSTRUMENTOS DERIVADOS'),(121406070100,'Valuacion'),(121406070200,'Deterioro'),(121407000000,'CON FINES DE COBERTURA'),(121407010000,'FUTUROS A RECIBIR'),(121407010100,'Valuacion'),(121407010300,'Valuacion de la posición primaria'),(121407020000,'CONTRATOS ADELANTADOS A RECIBIR'),(121407020100,'Valuacion'),(121407020200,'Deterioro'),(121407020300,'Valuacion de la posición primaria'),(121407030000,'OPCIONES'),(121407030100,'Valuacion'),(121407030200,'Deterioro'),(121407030300,'Valuacion de la posición primaria'),(121407040000,'SWAPS'),(121407040100,'Valuacion'),(121407040200,'Deterioro'),(121407040300,'Valuacion de la posición primaria'),(121407050000,'DERIVADOS CREDITICIOS'),(121407050100,'Valuacion'),(121407050200,'Deterioro'),(121407050300,'Valuacion de la posición primaria'),(121407060000,'OPERACIONES ESTRUCTURADAS'),(121407060100,'Valuacion'),(121407060200,'Deterioro'),(121407060300,'Valuacion de la posición primaria'),(121407070000,'PAQUETES DE INSTRUMENTOS DERIVADOS'),(121407070100,'Valuacion'),(121407070200,'Deterioro'),(121407070300,'Valuacion de la posición primaria'),(121700000000,'AJUSTES DE VALUACIÓN POR COBERTURA DE ACTIVOS'),(130000000000,'CARTERA DE CREDITO VIGENTE'),(130100000000,'CREDITOS COMERCIALES'),(130107000000,'CREDITOS COMERCIALES SIN RESTRICCION'),(130107010000,'ACTIVIDAD EMPRESARIAL Y COMERCIAL'),(130107010100,'OPERACIONES QUIROGRAFARIAS'),(130107010200,'OPERACIONES PRENDARIAS'),(130107010300,'CREDITOS PUENTE'),(130107010400,'OPERACIONES DE FACTORAJE'),(130107010500,'OPERACIONES DE ARRENDAMIENTO CAPITALIZABLE'),(130107019000,'OTROS'),(130107020000,'ENTIDADES FINANCIERAS'),(130107020100,'CREDITOS INTERBANCARIOS'),(130107020200,'CREDITOS A ENTIDADES FINANCIERAS NO BANCARIAS'),(130107030000,'ENTIDADES GUBERNAMENTALES'),(130107030100,'CREDITOS AL GOBIERNO FEDERAL O CON SU GARANTI'),(130107030200,'CREDITOS A ESTADOS Y MUNICIPIOS O CON SU GARA'),(130107030300,'CRÉDITOS A ORGANISMOS DESCENTRALIZADOS O DESC'),(130107039000,'OTROS'),(130108000000,'CREDITOS COMERCIALES RESTRINGIDOS'),(130108010000,'ACTIVIDAD EMPRESARIAL O COMERCIAL'),(130108010100,'OPERACIONES QUIROGRAFARIAS'),(130108010200,'OPERACIONES PRENDARIAS'),(130108010300,'CREDITOS PUENTE'),(130108010400,'OPERACIONES DE FACTORAJE'),(130108010500,'OPERACIONES DE ARRENDAMIENTO CAPITALIZABLE'),(130108019000,'OTROS'),(130108020000,'ENTIDADES FINANCIERAS'),(130108020100,'CREDITOS INTERBANCARIOS'),(130108020200,'CREDITOS A ENTIDADES FINANCIERAS NO BANCARIAS'),(130108030000,'ENTIDADES GUBERNAMENTALES'),(130108030100,'CREDITOS AL GOBIERNO FEDERAL O CON SU GARANTI'),(130108030200,'CREDITOS A ESTADOS Y MUNICIPIOS O CON SU GARA'),(130108030300,'CRÉDITOS A ORGANISMOS DESCENTRALIZADOS O DESC'),(130108039000,'OTROS'),(131100000000,'CREDITOS DE CONSUMO'),(131107000000,'CREDITOS DE CONSUMO SIN RESTRICCION'),(131107010000,'TARJETA DE CRÉDITO'),(131107020000,'PERSONALES'),(131107030000,'AUTOMOTRIZ'),(131107040000,'ADQUISICION DE BIENES INMUEBLES'),(131107050000,'OPERACIONES DE ARRENDAMIENTO CAPITALIZABLE'),(131107130000,'Nomina'),(131107900000,'OTROS CREDITOS DE CONSUMO'),(131108000000,'CREDITOS DE COSUMO RESTRINGIDOS'),(131108010000,'TARJETA DE CRÉDITO'),(131108020000,'PERSONALES'),(131108030000,'AUTOMOTRIZ'),(131108040000,'ADQUISICION DE BIENES INMUEBLES'),(131108050000,'OPERACIONES DE ARRENDAMIENTO CAPITALIZABLE'),(131108130000,'Nomina'),(131108900000,'OTROS CREDITOS DE CONSUMO'),(131600000000,'CREDITOS A LA VIVIENDA'),(131607000000,'CREDITOS A LA VIVIENDA SIN RESTRICCION'),(131607010000,'MEDIA Y RESIDENCIAL'),(131607020000,'DE INTERES SOCIAL'),(131608000000,'CREDITOS A LA VIVIENDA RESTRINGIDOS'),(131608010000,'MEDIA Y RESIDENCIAL'),(131608020000,'DE INTERES SOCIAL'),(135000000000,'CARTERA DE CREDITO VENCIDA'),(135100000000,'CREDITOS VENCIDOS COMERCIALES'),(135105000000,'ACTIVIDAD EMPRESARIAL O COMERCIAL'),(135105010000,'Operaciones quirografarias'),(135105020000,'Operaciones prendarias'),(135105030000,'Creditos puente'),(135105040000,'Operaciones de factoraje'),(135105050000,'Operaciones de arrendamiento capitalizable'),(135105060000,'Otros'),(135156000000,'ENTIDADES FINANCIERAS'),(135156010000,'Creditos interbancarios'),(135156020000,'Creditos a entidades financieras no bancarias'),(135171000000,'ENTIDADES GUBERNAMENTALES'),(135171010000,'Creditos al Gobierno Federal o con su garantI'),(135171020000,'Creditos a estados y municipios o con su gara'),(135171030000,'Creditos a organismos descentralizados o desc'),(135171040000,'Otros'),(136100000000,'CREDITOS VENCIDOS DE CONSUMO'),(136101000000,'TARJETA DE CREDITO'),(136103000000,'PERSONALES'),(136104000000,'OPERACIONES DE ARRENDAMIENTO CAPITALIZABLE'),(136105000000,'AUTOMOTRIZ'),(136106000000,'ADQUISISCION DE BIENES INMUEBLES'),(136113000000,'Nomina'),(136190000000,'OTROS CREDITOS DE CONSUMO'),(136600000000,'CREDITOS VENCIDOS A LA VIVIENDA'),(136601000000,'MEDIA Y RESIDENCIAL'),(136602000000,'DE INTERES SOCIAL'),(139000000000,'ESTIMACION PREVENTIVA PARA RIESGOS CREDITICIO'),(139100000000,'ESTIMACION PREVENTIVA PARA RIESGOS CREDITICIO'),(139150000000,'CARTERA DE CREDITO'),(139150070000,'CREDITOS COMERCIALES SIN RESTRICCION'),(139150070100,'ACTIVIDAD EMPRESARIAL O COMERCIAL'),(139150070200,'ENTIDADES FINANCIERAS'),(139150070300,'ENTIDADES GUBERNAMENTALES'),(139150080000,'CREDITOS COMERCIALES RESTRINGIDOS'),(139150080100,'ACTIVIDAD EMPRESARIAL O COMERCIAL'),(139150080200,'ENTIDADES FINANCIERAS'),(139150080300,'ENTIDADES GUBERNAMENTALES'),(139150670000,'CREDITOS DE CONSUMO SIN RESTRICCION'),(139150670100,'TARJETA DE CREDITO'),(139150670300,'PERSONALES'),(139150670400,'OPERACIONES DE ARRENDAMIENTO CAPITALIZABLE'),(139150670500,'AUTOMOTRIZ'),(139150670600,'ADQUISISCION DE BIENES INMUEBLES'),(139150671300,'Nomina'),(139150679000,'OTROS CREDITOS DE CONSUMO'),(139150680000,'CREDITOS DE CONSUMO RESTRINGIDOS'),(139150680100,'TARJETA DE CREDITO'),(139150680300,'PERSONALES'),(139150680400,'OPERACIONES DE ARRENDAMIENTO CAPITALIZABLE'),(139150680500,'AUTOMOTRIZ'),(139150680600,'ADQUISICION DE BIENES INMUEBLES'),(139150681300,'Nomina'),(139150689000,'OTROS CREDITOS DE CONSUMO'),(139150770000,'CREDITOS A LA VIVIENDA SIN RESTRICCION'),(139150770100,'MEDIA Y RESIDENCIAL'),(139150770200,'DE INTERES SOCIAL'),(139150780000,'CREDITOS A LA VIVIENDA RESTRINGIDOS'),(139150780100,'MEDIA Y RESIDENCIAL'),(139150780200,'DE INTERES SOCIAL'),(139197000000,'OPERACIONES CONTINGENTES Y AVALES'),(139600000000,'ESTIMACION PREVENTIVA PARA RIESGOS CREDITICIO'),(139601000000,'PARA COBERTURA DE RIESGO SOBRE CARTERA DE VIV'),(139602000000,'POR SOBRETASA EN BONOS GUBERNAMENTALES. ESQUE'),(139603000000,'ORDENADA POR LA COMISION NACIONAL BANCARIA Y '),(139604000000,'POR RIESGOS OPERATIVOS (BURO DE CREDITO)'),(139605000000,'POR INTERESES DEVENGADOS SOBRE CREDITOS VENCI'),(139608000000,'RECONOCIDA POR LA COMISION NACIONAL BANCARIA '),(140000000000,'OTRAS CUENTAS POR COBRAR'),(140100000000,'DEUDORES DIVERSOS'),(140102000000,'PREMIOS  COMISIONES Y DERECHOS POR COBRAR SOB'),(140103000000,'PARTIDAS ASOCIADAS A OPERACIONES CREDITICIAS'),(140104000000,'SALDOS A FAVOR DE IMPUESTOS E IMPUESTOS ACRED'),(140105000000,'PRESTAMOS Y OTROS ADEUDOS DEL PERSONAL'),(140106000000,'DEUDORES EN TRAMITE DE REGULARIZACION O LIQUI'),(140108000000,'RENTAS POR COBRAR'),(140112000000,'ADEUDOS VENCIDOS'),(140190000000,'OTROS DEUDORES'),(140200000000,'DERECHOS DE COBRO'),(140201000000,'DERECHOS FIDUCIARIOS'),(140202000000,'OTROS DERECHOS DE COBRO'),(140203000000,'DERIVADOS DE CREDITOS DETERIORADOS'),(140900000000,'DEUDORES POR LIQUIDACION DE OPERACIONES'),(140901000000,'COMPRAVENTA DE DIVISAS'),(140902000000,'INVERSIONES EN VALORES'),(140903000000,'REPORTOS'),(140904000000,'PRESTAMO DE VALORES'),(140905000000,'DERIVADOS'),(140906000000,'POR EMISION DE TITULOS'),(141000000000,'DEUDORES POR CUENTAS DE MARGEN'),(141300000000,'DEUDORES POR COLATERALES OTORGADOS EN EFECTIV'),(149100000000,'ESTIMACION POR IRRECUPERABILIDAD O DIFICIL CO'),(149101000000,'DERECHOS DE COBRO'),(149101010000,'Derechos fiduciarios'),(149101020000,'Otros derechos de cobro'),(149101030000,'DERIVADOS DE CREDITOS DETERIODADOS'),(149104000000,'DEUDORES DIVERSOS'),(150000000000,'BIENES ADJUDICADOS'),(150100000000,'BIENES MUEBLES  VALORES Y DERECHOS ADJUDICADO'),(150200000000,'MUEBLES ADJUDICADOS RESTRINGIDOS'),(150300000000,'INMUEBLES ADJUDICADOS'),(150400000000,'INMUEBLES ADJUDICADOS RESTRINGIDOS'),(155000000000,'ESTIMACION POR ARRENDAMIENTO DE INMUEBLES ADJ'),(156000000000,'ESTIMACION POR PERDIDA DE VALOR DE BIENES ADJ'),(157000000000,'INCREMENTO POR ACTUALIZACION DE BIENES ADJUDI'),(160000000000,'INMUEBLES  MOBILIARIO Y EQUIPO'),(160100000000,'INMUEBLES  MOBILIARIO Y EQUIPO'),(160101000000,'TERRENOS'),(160102000000,'CONSTRUCCIONES'),(160103000000,'CONSTRUCCIONES EN PROCESO'),(160104000000,'EQUIPO DE TRANSPORTE'),(160105000000,'EQUIPO DE COMPUTO'),(160106000000,'MOBILIARIO'),(160107000000,'ADAPTACIONES Y MEJORAS'),(160190000000,'OTROS INMUEBLES  MOBILIARIO Y EQUIPO'),(160200000000,'REVALUACION DE INMUEBLES  MOBILIARIO Y EQUIPO'),(160201000000,'TERRENOS'),(160202000000,'CONSTRUCCIONES'),(160203000000,'CONSTRUCCIONES EN PROCESO'),(160204000000,'EQUIPO DE TRANSPORTE'),(160205000000,'EQUIPO DE COMPUTO'),(160206000000,'MOBILIARIO'),(160207000000,'ADAPTACIONES Y MEJORAS'),(160290000000,'OTRAS REVALUACIONES DE INMUEBLES  MOBILIARIO '),(161100000000,'DEPRECIACION ACUMULADA DE INMUEBLES  MOBILIAR'),(161102000000,'CONSTRUCCIONES'),(161104000000,'EQUIPO DE TRANSPORTE'),(161105000000,'EQUIPO DE COMPUTO'),(161106000000,'MOBILIARIO'),(161107000000,'ADAPTACIONES Y MEJORAS'),(161190000000,'OTRAS DEPRECIACIONES ACUMULADAS DE INMUEBLES '),(161200000000,'REVALUACION DE LA DEPRECIACION ACUMULADA DE I'),(161202000000,'CONSTRUCCIONES'),(161204000000,'EQUIPO DE TRANSPORTE'),(161205000000,'EQUIPO DE COMPUTO'),(161206000000,'MOBILIARIO'),(161207000000,'ADAPTACIONES Y MEJORAS'),(161290000000,'OTRAS REVALUACIONES DE LA DEPRECIACION ACUMUL'),(170000000000,'INVERSIONES PERMANENTES'),(170100000000,'SUBSIDIARIAS'),(170101000000,'PERTENECIENTES AL SECTOR FINANCIERO'),(170102000000,'NO PERTENECIENTES AL SECTOR FINANCIERO'),(170200000000,'ASOCIADAS'),(170201000000,'PERTENECIENTES AL SECTOR FINANCIERO'),(170202000000,'NO PERTENECIENTES AL SECTOR FINANCIERO'),(179000000000,'OTRAS INVERSIONES PERMANENTES EN ACCIONES'),(179001000000,'PERTENECIENTES AL SECTOR FINANCIERO'),(179002000000,'NO PERTENECIENTES AL SECTOR FINANCIERO'),(179500000000,'ACTIVOS DE LARGA DURACION DISPONIBLES PARA LA'),(179501000000,'SUBSIDIARIAS'),(179501010000,'PERTENECIENTES AL SECTOR FINANCIERO'),(179501020000,'NO PERTENECIENTES AL SECTOR FINANCIERO'),(179502000000,'ASOCIADAS'),(179502010000,'PERTENECIENTES AL SECTOR FINANCIERO'),(179502020000,'NO PRETENECIENTES AL SECTOR FINANCIERO'),(179590000000,'OTROS ACTIVOS DE LARGA DURACION DISPONIBLES P'),(179590010000,'PERTENECIENTES AL SECTOR FINANCIERO'),(179590020000,'NO PERTENECIENTES AL SECTOR FINANCIERO'),(179700000000,'BENEFICIOS POR RECIBIR EN OPERACIONES DE BURS'),(179701000000,'BENEFICIOS SOBRE EL REMANENTE EN OPERACIONES '),(179702000000,'ACTIVO POR ADMINISTRACION DE ACTIVOS FINANCIE'),(180000000000,'IMPUESTOS Y PTU DIFERIDOS (A FAVOR)'),(180100000000,'IMPUESTO SOBRE LA RENTA DIFERIDO (A FAVOR)'),(180300000000,'PARTICIPACION DE LOS TRABAJADORES EN LAS UTIL'),(189900000000,'ESTIMACIÓN POR IMPUESTOS Y PTU DIFERIDOS NO R'),(190000000000,'OTROS ACTIVOS'),(190300000000,'CARGOS DIFERIDOS  PAGOS ANTICIPADOS E INTANGI'),(190301000000,'CARGOS DIFERIDOS'),(190301010000,'Descuento por amortizar en tItulos colocados'),(190301030000,'Diferencial por amortizar en adquisiciones de'),(190301040000,'COSTO FINANCIERO POR AMORTIZAR EN OPERACIONES'),(190301060000,'Seguros por amortizar'),(190301100000,'Gastos por emisiOn de tItulos'),(190301110000,'COSTOS Y GASTOS ASOCIADOS CON EL OTORGAMIENTO'),(190301120000,'COSTOS Y GASTOS ASOCIADOS AL OTORGAMIENTO DE '),(190301900000,'Otros cargos diferidos'),(190302000000,'PAGOS ANTICIPADOS'),(190302010000,'Intereses pagados por anticipado'),(190302020000,'Comisiones pagadas por anticipado'),(190302070000,'Rentas pagadas por anticipado'),(190302800000,'Anticipos o pagos provisionales de impuestos'),(190302900000,'Otros pagos anticipados'),(190303000000,'INTANGIBLES'),(190303010000,'Credito mercantil'),(190303010100,'De subsidiarias'),(190303010200,'De asociadas'),(190303020000,'Revaluacion del credito mercantil'),(190303020100,'De subsidiarias'),(190303020200,'De asociadas'),(190303070000,'GASTOS DE ORGANIZACION'),(190303080000,'REVALUACION DE GASTOS DE ORGANIZACIÓN'),(190303090000,'AMORTIZACION ACUMULADA DE GASTOS DE ORGANIZAC'),(190303100000,'REVALUACIÓN DE LA AMORTIZACIÓN ACUMULADA DE G'),(190303110000,'OTROS INTANGIBLES'),(190303120000,'REVALUACION DE OTROS INTANGIBLES'),(190303130000,'AMORTIZACIÓN ACUMULADA DE OTROS INTANGIBLES'),(190303140000,'REVALUACIÓN DE LA AMORTIZACIÓN ACUMULADA DE O'),(191600000000,'OTROS ACTIVOS A CORTO Y LARGO PLAZO'),(191604000000,'ACTIVOS DEL PLAN PARA CUBRIR OBLIGACIONES LAB'),(191604060000,'BENEFICIOS DIRECTOS A LARGO PLAZO'),(191604070000,'BENEFICIOS POR TERMINACION'),(191604070100,'BENEFICIOS POR TERMINACIÓN POR CAUSAS DISTINT'),(191604070200,'BENEFICIOS POR TERMINACIÓN POR CAUSA DE REEST'),(191604080000,'BENEFICIOS AL RETIRO'),(191604080100,'PENSIONES'),(191604080200,'PRIMA DE ANTIGUEDAD'),(191604089000,'OTROS BENEFICIOS POSTERIORES AL RETIRO'),(191606000000,'OTROS'),(200000000000,'PASIVO'),(210000000000,'CAPTACION TRADICIONAL'),(210100000000,'DEPOSITOS DE EXIGIBILIDAD INMEDIATA'),(210101000000,'SIN INTERES'),(210102000000,'CON INTERES'),(211100000000,'DEPOSITOS A PLAZO'),(211101000000,'DEL PUBLICO EN GENERAL'),(211102000000,'MERCADO DE DINERO'),(212500000000,'TITULOS DE CREDITOS EMITIDOS'),(212501000000,'BONOS BANCARIOS'),(212502000000,'CERTIFICADOS BURSATILES'),(212590000000,'OTROS'),(220700000000,'PRESTAMOS DE VALORES'),(220701000000,'PREMIOS A ENTREGAR'),(220800000000,'ACREEDORES POR REPORTO'),(220900000000,'COLATERALES VENDIDOS O DADOS EN GARANTIA'),(220901000000,'REPORTOS'),(220901010000,'OBLIGACION DE LA REPORTADORA POR RESTITUCION '),(220901010700,'COLATERALES VENDIDOS'),(220901010701,'DEUDA GUBERNAMENTAL'),(220901010702,'DEUDA BANCARIA'),(220901010703,'OTROS TITULOS DE DEUDA'),(220901010800,'COLATERALES DADOS EN GARANTIA'),(220902000000,'PRESTAMOS DE VALORES'),(220902010000,'OBLIGACIÓN DEL PRESTATARIO POR RESTITUCIÓN DE'),(220902010700,'COLATERALES VENDIDOS'),(220902010701,'DEUDA GUBERNAMENTAL'),(220902010702,'DEUDA BANCARIA'),(220902010703,'OTROS TITULOS DE DEUDA'),(220902010704,'INSTRUMENTOS DE PATRIMONIO NETO'),(220902020000,'OBLIGACIÓN DEL PRESTAMISTA POR RESTITUCIÓN DE'),(220902020700,'COLATERALES VENDIDOS'),(220902020701,'DEUDA GUBERNAMENTAL'),(220902020702,'DEUDA BANCARIA'),(220902020703,'OTROS TITULOS DE DEUDA'),(220902020704,'INSTRUMENTOS DE PATRIMONIO NETO'),(220903000000,'DERIVADOS'),(220903010000,'COLATERALES VENDIDOS'),(220903010100,'DEUDA GUBERNAMENTAL'),(220903010200,'DEUDA BANCARIA'),(220903010300,'OTROS TITULOS DE DEUDA'),(220903010400,'INSTRUMENTOS DE PATRIMONIO NETO'),(220903019000,'OTROS'),(220990000000,'OTROS COLATERALES VENDIDOS'),(221400000000,'DERIVADOS'),(221406000000,'CON FINES DE NEGOCIACION'),(221406010000,'FUTUROS A ENTREGAR'),(221406010100,'Valuacion'),(221406020000,'CONTRATOS ADELANTADOS A ENTREGAR'),(221406020100,'Valuacion'),(221406020200,'Deterioro'),(221406030000,'OPCIONES'),(221406030100,'Valuacion'),(221406030200,'Deterioro'),(221406040000,'SWAPS'),(221406040100,'Valuacion'),(221406040200,'Deterioro'),(221406050000,'DERIVADOS CREDITICIOS'),(221406050100,'Valuacion'),(221406050200,'Deterioro'),(221406060000,'OPERACIONES ESTRUCTURADAS'),(221406060100,'Valuacion'),(221406060200,'Deterioro'),(221406070000,'PAQUETES DE INSTRUMENTOS DERIVADOS'),(221406070100,'Valuacion'),(221406070200,'Deterioro'),(221407000000,'CON FINES DE COBERTURA'),(221407010000,'FUTUROS A ENTREGAR'),(221407010100,'Valuacion'),(221407010300,'Valuacion de la posición primaria'),(221407020000,'CONTRATOS ADELANTADOS A ENTREGAR'),(221407020100,'Valuacion'),(221407020200,'Deterioro'),(221407020300,'Valuacion de la posición primaria'),(221407030000,'OPCIONES'),(221407030100,'Valuacion'),(221407030200,'Deterioro'),(221407030300,'Valuacion de la posición primaria'),(221407040000,'SWAPS'),(221407040100,'Valuacion'),(221407040200,'Deterioro'),(221407040300,'Valuacion de la posición primaria'),(221407050000,'DERIVADOS CREDITICIOS'),(221407050100,'Valuacion'),(221407050200,'Deterioro'),(221407050300,'Valuacion de la posición primaria'),(221407060000,'OPERACIONES ESTRUCTURADAS'),(221407060100,'Valuacion'),(221407060200,'Deterioro'),(221407060300,'Valuacion de la posición primaria'),(221407070000,'PAQUETES DE INSTRUMENTOS DERIVADOS'),(221407070100,'Valuacion'),(221407070200,'Deterioro'),(221407070300,'Valuacion de la posición primaria'),(221700000000,'AJUSTES DE VALUACION POR COBERTURA DE PASIVOS'),(221900000000,'OBLIGACIONES EN OPERACIONES DE BURSATILIZACIO'),(221901000000,'PASIVOS POR ADMINISTRACION DE ACTIVOS FINANCI'),(230000000000,'PRESTAMOS INTERBANCARIOS Y DE OTROS ORGANISMO'),(230100000000,'DE EXIGIBILIDAD INMEDIATA'),(230200000000,'DE CORTO PLAZO'),(230201000000,'PRESTAMOS DE BANCO DE MEXICO'),(230202000000,'PRESTAMOS DE INSTITUCIONES DE BANCA COMERCIAL'),(230203000000,'PRESTAMOS DE INSTITUCIONES DE BANCA DE DESARR'),(230204000000,'PRESTAMOS DE FIDEICOMISOS PUBLICOS'),(230205000000,'PRESTAMOS DE OTROS ORGANISMOS'),(230300000000,'DE LARGO PLAZO'),(230301000000,'PRESTAMOS DE BANCO DE MEXICO'),(230302000000,'PRESTAMOS DE INSTITUCIONES DE BANCA MULTIPLE'),(230303000000,'PRESTAMOS DE INSTITUCIONES DE BANCA DE DESARR'),(230304000000,'PRESTAMOS DE FIDEICOMISOS PUBLICOS'),(230305000000,'PRESTAMOS DE OTROS ORGANISMOS'),(240000000000,'OTRAS CUENTAS POR PAGAR'),(240100000000,'ACREEDORES DIVERSOS Y OTRAS CUENTAS POR PAGAR'),(240102000000,'PASIVOS DERIVADOS DE LA PRESTACION DE SERVICI'),(240102010000,'Cheques de caja'),(240102020000,'Cheques certificados'),(240102030000,'Cartas de credito'),(240102040000,'Giros por pagar'),(240102050000,'Aceptaciones por cuenta de clientes'),(240102060000,'Ordenes de pago'),(240102070000,'RecaudaciOn de aportaciones de seguridad soci'),(240102080000,'Avales'),(240102090000,'Custodia o administraciOn de bienes'),(240102900000,'Otros pasivos derivados de la prestaciOn de s'),(240103000000,'COMISIONES POR PAGAR SOBRE OPERACIONES VIGENT'),(240104000000,'AFORO DERIVADO DE OPERACIONES DE FACTORAJE'),(240105000000,'DIVIDENDOS POR PAGAR BM'),(240106000000,'ACREEDORES POR SERVICIO DE MANTENIMIENTO'),(240107000000,'IMPUESTO AL VALOR AGREGADO'),(240108000000,'OTROS IMPUESTOS Y DERECHOS POR PAGAR'),(240109000000,'IMPUESTOS Y APORTACIONES DE SEGURIDAD SOCIAL '),(240110000000,'PROVISION PARA BENEFECIOS A LOS EMPLEADOS'),(240110060000,'BENEFICIOS DIRECTOS A LARGO PLAZO'),(240110070000,'BENEFICIOS POR TERMINACION'),(240110070100,'BENEFICIOS POR TERMINACIÓN POR CAUSAS DISTINT'),(240110070200,'BENEFICIOS POR TERMINACION POR CAUSA DE REEST'),(240110080000,'BENEFICIOS AL RETIRO'),(240110080100,'PENSIONES'),(240110080200,'PRIMA DE ANTIGUEDAD'),(240110089000,'OTROS BENEFICIOS POSTERIORES AL RETIRO'),(240112000000,'PROVISIONES PARA OBLIGACIONES DIVERSAS'),(240112020000,'Honorarios y rentas'),(240112030000,'Gastos de promociOn y publicidad'),(240112040000,'Aportaciones al IPAB BM'),(240112060000,'Gastos en tecnologIa'),(240112070000,'BENEFICIOS DIRECTOS DE CORTO PLAZO'),(240112090000,'Ordenadas por la CONDUSEF'),(240112900000,'Otras provisiones'),(240113000000,'PASIVO POR ARRENDAMIENTO CAPITALIZABLE'),(240115000000,'ACREEDORES POR ADQUISICION DE ACTIVOS'),(240116000000,'DEPOSITOS EN GARANTIA'),(240190000000,'OTROS ACREEDORES DIVERSOS'),(240200000000,'IMPUESTOS A LA UTILIDAD POR PAGAR'),(240201000000,'IMPUESTOS A LA UTILIDAD (PAGOS PROVISIONALES)'),(240202000000,'IMPUESTOS A LA UTILIDAD (CALCULO REAL)'),(240300000000,'APORTACIONES PARA FUTUROS AUMENTOS DE CAPITAL'),(240800000000,'PARTICIPACION DE LOS TRABAJADORES EN LAS UTIL'),(240900000000,'ACREEDORES POR LIQUIDACION DE OPERACIONES'),(240901000000,'COMPRAVENTA DE DIVISAS'),(240902000000,'INVERSIONES EN VALORES'),(240903000000,'REPORTOS'),(240904000000,'PRESTAMO DE VALORES'),(240905000000,'DERIVADOS'),(241000000000,'ACREEDORES POR CUENTAS DE MARGEN'),(241300000000,'ACREEDORES POR COLATERALES RECIBIDOS EN EFECT'),(270000000000,'OBLIGACIONES SUBORDINADAS EN CIRCULACION'),(270100000000,'OBLIGACIONES SUBORDINADAS'),(270101000000,'DE CONVERSION FORZOSA'),(270103000000,'NO CONVERTIBLES'),(270104000000,'DE CONVERSION POR DECISION DEL TENEDOR'),(270105000000,'DE CONVERSION POR DECISION DE LA ENTIDAD EMIS'),(280000000000,'IMPUESTOS Y PTU DIFERIDOS (A CARGO)'),(280100000000,'IMPUESTO SOBRE LA RENTA DIFERIDO (A CARGO)'),(280300000000,'PARTICIPACION DE LOS TRABAJADORES EN LAS UTIL'),(290000000000,'CREDITOS DIFERIDOS Y COBROS ANTICIPADOS'),(293100000000,'CREDITOS DIFERIDOS'),(293101000000,'COMISIONES POR EL OTORGAMIENTO INICIAL DEL CR'),(293103000000,'DIFERENCIAL POR AMORTIZAR EN ADQUISICIONES DE'),(293104000000,'INGRESO FINANCIERO POR DEVENGAR EN CONTRATOS '),(293105000000,'OTROS INGRESOS POR APLICAR'),(293106000000,'PREMIO POR AMORTIZAR POR COLOCACION DE DEUDA'),(293108000000,'EFECTO POR VALORIZACION DE LOS CREDITOS EN VS'),(293111000000,'INGRESO POR OPCIÓN DE COMPRA A PRECIO REDUCID'),(293112000000,'COMISIONES POR ANUALIDAD Y SUBSECUENTES DE TA'),(293190000000,'OTROS CREDITOS DIFERIDOS'),(293200000000,'COBROS ANTICIPADOS'),(293201000000,'INTERESES COBRADOS POR ANTICIPADO'),(293202000000,'COMISIONES COBRADAS POR ANTICIPADO'),(293207000000,'RENTAS COBRADAS POR ANTICIPADO'),(293208000000,'COBROS ANTICIPADOS DE BIENES PROMETIDOS EN VE'),(293209000000,'INGRESOS POR APLICAR DERIVADOS DE PROGRAMAS D'),(293290000000,'OTROS COBROS ANTICIPADOS'),(400000000000,'CAPITAL CONTABLE'),(410000000000,'CAPITAL CONTRIBUIDO'),(410100000000,'CAPITAL SOCIAL'),(410200000000,'CAPITAL SOCIAL NO EXHIBIDO'),(410300000000,'INCREMENTO POR ACTUALIZACION DEL CAPITAL SOCI'),(410400000000,'PRIMA EN VENTA DE ACCIONES'),(410500000000,'INCREMENTO POR ACTUALIZACION DE LA PRIMA EN V'),(410700000000,'APORTACIONES PARA FUTUROS AUMENTOS DE CAPITAL'),(410800000000,'INCREMENTO POR ACTUALIZACION DE LAS APORTACIO'),(411100000000,'OBLIGACIONES SUBORDINADAS EN CIRCULACION'),(411200000000,'INCREMENTO POR ACTUALIZACION DE OBLIGACIONES '),(420000000000,'CAPITAL GANADO'),(420100000000,'RESERVAS DE CAPITAL'),(420200000000,'INCREMENTO POR ACTUALIZACION DE RESERVAS DE C'),(420300000000,'RESULTADO DE EJERCICIOS ANTERIORES'),(420301000000,'RESULTADO POR APLICAR'),(420302000000,'RESULTADO POR CAMBIOS CONTABLES Y CORRECCION '),(420400000000,'INCREMENTO POR ACTUALIZACION DEL RESULTADO DE'),(420500000000,'RESULTADO POR VALUACION DE TITULOS DISPONIBLE'),(420501000000,'VALUACION'),(420502000000,'RESULTADO POR POSICION MONETARIA'),(420503000000,'EFECTO DE IMPUESTOS A LA UTILIDAD DIFERIDOS'),(420504000000,'ESTIMACIÓN POR IMPUESTOS A LA UTILIDAD DIFERI'),(420900000000,'dios'),(420901000000,'POR VALUACION DE ACTIVO FIJO'),(421400000000,'INCREMENTO POR ACTUALIZACIÓN DEL RESULTADO PO'),(421500000000,'RESULTADO POR VALUACION DE INSTRUMENTOS DE CO'),(421501000000,'VALUACION'),(421502000000,'RESULTADO POR POSICION MONETARIA'),(421503000000,'EFECTO DE IMPUESTOS A LA UTILIDAD DIFERIDOS'),(421504000000,'ESTIMACIÓN POR IMPUESTOS A LA UTILIDAD DIFERI'),(421600000000,'INCREMENTO POR ACTUALIZACION DEL RESULTADO PO'),(421700000000,'EFECTO ACUMULADO POR CONVERSION'),(421701000000,'VALUACION'),(421702000000,'RESULTADO POR POSICION MONETARIA'),(421703000000,'EFECTO DE IMPUESTOS A LA UTILIDAD DIFERIDOS'),(421704000000,'ESTIMACION POR IMPUESTOS A LA UTILIDAD DIFERI'),(421800000000,'INCREMENTO POR ACTUALIZACIÓN DEL EFECTO ACUMU'),(429000000000,'INCREMENTO POR ACTUALIZACION DEL RESULTADO PO'),(505000000000,'OTROS INGRESOS (EGRESOS) DE LA OPERACION'),(505001000000,'RECUPERACION DE CARTERA DE CREDITO'),(505002000000,'INGRESOS POR ADQUISICION DE CARTERA DE CREDIT'),(505003000000,'GASTOS POR ADQUISICION DE CARTERA DE CREDITO'),(505004000000,'UTILIDAD POR CESION DE CARTERA DE CREDITO'),(505005000000,'PERDIDA POR CESION DE CARTERA DE CREDITO'),(505006000000,'CANCELACIÓN DE EXCEDENTES DE ESTIMACIÓN PREVE'),(505007000000,'DONATIVOS'),(505008000000,'PERDIDA POR ADJUDICACION DE BIENES'),(505010000000,'PERDIDA EN CUSTODIA Y ADMINISTRACION DE BIENE'),(505011000000,'PERDIDA EN OPERACIONES DE FIDEICOMISO'),(505012000000,'INGRESO POR OPCIÓN DE COMPRA EN OPERACIONES D'),(505013000000,'INGRESO POR PARTICIPACIÓN DEL PRECIO DE VENTA'),(505015000000,'RESULTADO EN VENTA DE BIENES ADJUDICADOS'),(505016000000,'RESULTADO POR VALUACION DE BIENES ADJUDICADOS'),(505017000000,'PÉRDIDA POR DETERIORO O EFECTO POR REVERSIÓN '),(505017010000,'DE BIENES INMUEBLES'),(505017020000,'DE CREDITO MERCANTIL'),(505017030000,'DE OTROS ACTIVOS DE LARGA DURACION'),(505017040000,'DE OTROS ACTIVOS'),(505017050000,'DE OTRAS INVERSIONES PERMANTENTES VALUADAS A '),(505018000000,'DIVIDENDOS DE INVERSIONES PERMANENTES'),(505018010000,'DIVIDENDOS DE OTRAS INVERSIONES PERMANENTES'),(505018020000,'DIVIDENDOS DE INVERSIONES PERMANENTES EN ASOC'),(505023000000,'RECUPERACIONES'),(505023010000,'Impuestos'),(505023020000,'Derechos De Cobro'),(505023030000,'Exceso En Beneficios Por Recibir En Operacion'),(505023090000,'Otras Recuperaciones'),(505024000000,'COSTO FINANCIERO POR ARRENDAMIENTO CAPITALIZA'),(505025000000,'AFECTACIONES A LA ESTIMACIÓN POR IRRECUPERABI'),(505026000000,'QUEBRANTOS'),(505026010000,'POR FALTANTE EN SUCURSALES'),(505026020000,'FRAUDES'),(505026030000,'SINIESTROS'),(505026090000,'OTROS QUEBRANTOS'),(505027000000,'INTERESES A CARGO EN FINANCIAMIENTO PARA ADQU'),(505028000000,'UTILIDAD EN VENTA DE INMUEBLES, MOBILIARIO Y '),(505029000000,'CANCELACIÓN DE LA ESTIMACIÓN POR IRRECUPERABI'),(505030000000,'CANCELACIÓN DE OTRAS CUENTAS DE PASIVO'),(505031000000,' INTERESES A FAVOR PROVENIENTES DE PRÉSTAMOS '),(505032000000,' INGRESOS POR ARRENDAMIENTO'),(505033000000,' UTILIDAD POR VALUACIÓN DE LOS BENEFICIARIOS '),(505034000000,' UTILIDAD POR VALUACIÓN DEL ACTIVO POR ADMINI'),(505035000000,' UTILIDAD POR VALUACIÓND EL PASIVO POR ADMINS'),(505036000000,' PÉRDIDA EN VENTA DE INMUEBLES, MOBILIARIO Y '),(505037000000,' PÉRDIDA POR VALUACIÓN DE LOS BENEFICIOS POR '),(505038000000,' PÉRDIDA PRO VALUACIÓND EL ACTIVO POR ADMINSI'),(505039000000,' PÉRDIDA POR VALUACIÓN DEL PASIVO POR ADMINSI'),(505040000000,'PÉRDIDA EN BENEFICIOS POR RECIBIR EN OPERACIO'),(505088000000,'RESULTADO POR POSICIÓN MONETARIA ORIGINADO PO'),(505089000000,'RESULTADO POR VALORIZACIÓN DE PARTIDAS NO REL'),(505090000000,'OTRAS PARTIDAS DE LOS INGRESOS (EGRESOS) DE L'),(505091000000,'ESTIMACIÓN POR PÉRDIDA DE VALOR DE BIENES ADJ'),(505099000000,'INCREMENTO POR ACTUALIZACIÓN DE OTROS INGRESO'),(510000000000,'INGRESOS POR INTERESES'),(510100000000,'INTERESES DE DISPONIBILIDADES'),(510101000000,'BANCOS'),(510102000000,'DISPONIBILIDADES RESTRINGIDAS O DADAS EN GARA'),(510200000000,'INTERESES DE CARTERA DE CREDITO VENCIDA'),(510251000000,'CREDITOS VENCIDOS COMERCIALES'),(510251050000,'Actividad empresarial o comercial'),(510251060000,'Entidades financieras'),(510251210000,'Entidades gubernamentales'),(510261000000,'CREDITOS VENCIDOS DE CONSUMO'),(510261010000,'TARJETA DE CREDITO'),(510261020000,'PERSONALES'),(510261030000,'AUTOMOTRIZ'),(510261040000,'ADQUISICION DE BIENES MUEBLES'),(510261050000,'OPERACIONES DE ARRENDAMIENTO CAPITALIZABLE'),(510261130000,'Nomina'),(510261900000,'OTROS CREDITOS DE CONSUMO'),(510266000000,'CREDITOS VENCIDOS A LA VIVIENDA'),(510266010000,'MEDIA Y RESIDENCIAL'),(510266020000,'DE INTERES SOCIAL'),(510300000000,'INTERESES Y RENDIMIENTOS A FAVOR PROVENIENTES'),(510301000000,'POR TITULOS PARA NEGOCIAR'),(510302000000,'POR TITULOS DISPONIBLES PARA LA VENTA'),(510303000000,'POR TITULOS CONSERVADOS A VENCIMIENTO'),(510400000000,'INTERESES Y RENDIMIENTOS A FAVOR EN OPERACION'),(510500000000,'INTERESES DE CARTERA DE CREDITO VIGENTE'),(510501000000,'CREDITOS COMERCIALES'),(510501070000,'CREDITOS COMERCIALES SIN RESTRICCION'),(510501070100,'ACTIVIDAD EMPRESARIAL O COMERCIAL'),(510501070200,'ENTIDADES FINANCIERAS'),(510501070300,'ENTIDADES GUBERNAMENTALES'),(510501080000,'CREDITOS COMERCIALES RESTRINGIDOS'),(510501080100,'ACTIVIDAD EMPRESARIAL O COMERCIAL'),(510501080200,'ENTIDADES FINANCIERAS'),(510501080300,'ENTIDADES GUBERNAMENTALES'),(510511000000,'CREDITOS DE CONSUMO'),(510511670000,'CREDITOS DE CONSUMO SIN RESTRICCION'),(510511670100,'TARJETA DE CREDITO'),(510511670200,'PERSONALES'),(510511670300,'AUTOMOTRIZ'),(510511670400,'ADQUISICION DE BIENES MUEBLES'),(510511670500,'OPERACIONES DE ARRENDAMIENTO CAPITALIZABLE'),(510511671300,'Nomina'),(510511679000,'OTROS CREDITOS DE CONSUMO'),(510511680000,'CREDITOS DE CONSUMO RESTRINGIDO'),(510511680100,'TARJETA DE CREDITO'),(510511680200,'PERSONALES'),(510511680300,'AUTOMOTRIZ'),(510511680400,'ADQUISICION DE BIENES MUEBLES'),(510511680500,'OPERACIONES DE ARRENDAMIENTO CAPITALIZABLE'),(510511681300,'Nomina'),(510511689000,'OTROS CREDITOS DE CONSUMO'),(510516000000,'CREDITOS A LA VIVIENDA'),(510516070000,'CREDITOS A LA VIVIENDA SIN RESTRICCION'),(510516070100,'MEDIA Y RESIDENCIAL'),(510516070200,'DE INTERES SOCIAL'),(510516080000,'CREDITOS A LA VIVIENDA RESTRINGIDOS'),(510516080100,'MEDIA Y RESIDENCIAL'),(510516080200,'DE INTERES SOCIAL'),(510600000000,'COMISIONES POR EL OTORGAMIENTO INICIAL DEL CR'),(510651000000,'CREDITOS COMERCIALES'),(510661000000,'CREDITOS DE CONSUMO'),(510671000000,'CREDITOS A LA VIVIENDA'),(510700000000,'PREMIOS A FAVOR EN OPERACIONES DE PRESTAMO DE'),(510800000000,'UTILIDAD POR VALORIZACION'),(510801000000,'UTILIDAD EN CAMBIOS POR VALORIZACION'),(510802000000,'VALORIZACION DE INSTRUMENTOS INDIZADOS'),(510803000000,'VALORIZACION DE PARTIDAS EN UDIS'),(510804000000,'VALORIZACION DE CREDITOS EN VSM'),(511100000000,'PRIMAS POR COLOCACION DE DEUDA'),(511101000000,'TITULOS DE CREDITO EMITIDOS'),(511102000000,'OBLIGACIONES SUBORDINADAS'),(511200000000,'INTERESES Y RENDIMIENTOS A FAVOR PROVENIENTES'),(511201000000,'EFECTIVO'),(511202000000,'VALORES'),(511290000000,'OTROS ACTIVOS'),(511800000000,'DIVIDENDOS DE INSTRUMENTOS DE PATRIMONIO NETO'),(511900000000,'INGRESOS PROVENIENTES DE OPERACIONES DE COBER'),(519900000000,'INCREMENTO POR ACTUALIZACION DE INGRESOS POR '),(520000000000,'RESULTADO POR POSICION MONETARIA NETO (MARGEN'),(520200000000,'RESULTADO POR POSICION MONETARIA PROVENIENTE '),(520300000000,'RESULTADO POR POSICION MONETARIA PROVENIENTE '),(529900000000,'INCREMENTO POR ACTUALIZACION DEL RESULTADO PO'),(530000000000,'COMISIONES Y TARIFAS COBRADAS'),(530100000000,'AVALES'),(530200000000,'CARTAS DE CREDITO SIN REFINANCIAMIENTO'),(530300000000,'ACEPTACIONES POR CUENTA DE TERCEROS'),(530400000000,'COMPRAVENTA DE VALORES'),(530500000000,'APERTURA DE CUENTA'),(530600000000,'MANEJO DE CUENTA'),(530800000000,'ACTIVIDADES FIDUCIARIAS'),(530900000000,'TRANSFERENCIA DE FONDOS'),(531100000000,'GIROS BANCARIOS'),(531200000000,'CHEQUES DE CAJA'),(531300000000,'CHEQUES CERTIFICADOS'),(531400000000,'CHEQUES DE VIAJERO'),(531500000000,'CUSTODIA O ADMINISTRACION DE BIENES'),(531600000000,'ALQUILER DE CAJAS DE SEGURIDAD'),(531700000000,'SERVICIOS DE BANCA ELECTRONICA'),(532100000000,'OPERACIONES DE CREDITO'),(532101000000,'CREDITOS COMERCIALES'),(532101070000,'CREDITOS COMERCIALES SIN RESTRICCION'),(532101070100,'ACTIVIDAD EMPRESARIAL O COMERCIAL'),(532101070101,'OPERACIONES QUIROGRAFARIAS'),(532101070102,'OPERACIONES PRENDARIAS'),(532101070103,'CREDITOS PUENTE'),(532101070104,'OPERACIONES DE FACTORAJE'),(532101070105,'OPERACIONES DE ARRENDAMIENTO CAPITALIZABLE'),(532101070190,'OTROS'),(532101070200,'ENTIDADES FINANCIERAS'),(532101070300,'ENTIDADES GUBERNAMENTALES'),(532101080000,'CREDITOS COMERCIALES RESTRINGIDOS'),(532101080100,'ACTIVIDAD EMPRESARIAL Y COMERCIAL'),(532101080101,'OPERACIONES QUIROGRAFARIAS'),(532101080102,'OPERACIONES PRENDARIAS'),(532101080103,'CREDITOS PUENTE'),(532101080104,'OPERACIONES DE FACTORAJE'),(532101080105,'OPEREACIONES DE ARRENDAMIENTO CAPITALIZABLE'),(532101080190,'OTROS'),(532101080200,'ENTIDADES FINANCIERAS'),(532101080300,'ENTIDADES GUBERNAMENTALES'),(532111000000,'CREDITOS DE CONSUMO'),(532111070000,'CREDITOS DE CONSUMO SIN RESTRICCION'),(532111070100,'TARJETA DE CREDITO'),(532111070101,'PRIMERA ANUALIDAD Y SUBSECUENTE DE TARJETA DE'),(532111070102,'NEGOCIOS AFILIADOS'),(532111070200,'PERSONALES'),(532111070300,'AUTOMOTRIZ'),(532111070400,'ADQUISICION DE BIENES MUEBLES'),(532111070500,'OPERACIONES DE ARRENDAMIENTO CAPITALIZABLE'),(532111070600,'Nomina'),(532111079000,'OTROS CREDITOS DE CONSUMO'),(532111080000,'CREDITOS DE CONSUMO  RESTRINGIDOS'),(532111080100,'TARJETA DE CREDITO'),(532111080101,'PRIMERA ANUALIDAD Y SUBSECUENTES DE TARJETA D'),(532111080102,'NEGOCIOS AFILIADOS'),(532111080200,'PERSONALES'),(532111080300,'AUTOMOTRIZ'),(532111080400,'ADQUISICION DE BIENES MUEBLES'),(532111080500,'OPERACIONES DE ARRENDAMIENTO CAPITALIZABLE'),(532111080600,'NOMINA'),(532111089000,'OTROS CREDITOS DE CONSUMO'),(532166000000,'CREDITOS A LA VIVIENDA'),(532166070000,'CREDITOS A LA VIVIENDA SIN RESTRICCION'),(532166070100,'MEDIA Y RESIDENCIAL'),(532166070200,'DE INTERES SOCIAL'),(532166080000,'CREDITOS A LA VIVIENDA RESTRINGIDOS'),(532166080100,'MEDIA Y RESIDENCIAL'),(532166080200,'DE INTERES SOCIAL'),(539000000000,'OTRAS COMISIONES Y TARIFAS COBRADAS'),(539900000000,'INCREMENTO POR ACTUALIZACION DE COMISIONES Y '),(540000000000,'RESULTADO POR INTERMEDIACION'),(540100000000,'RESULTADO POR VALUACION A VALOR RAZONABLE'),(540101000000,'TITULOS PARA NEGOCIAR'),(540131000000,'DERIVADOS CON FINES DE NEGOCIACION'),(540141000000,'DERIVADOS CON FINES DE COBERTURA'),(540142000000,'DE TÍTULOS DISPONIBLES PARA LA VENTA EN COBER'),(540192000000,'COLATERALES VENDIDOS'),(540200000000,'PÉRDIDA POR DETERIORO O EFECTO POR REVERSIÓN '),(540201000000,'TITULOS DISPONIBLES PARA LA VENTA'),(540202000000,'TITULOS CONSERVADOS A VENCIMIENTO'),(540203000000,'DERIVADOS'),(540300000000,'RESULTADO POR COMPRAVENTA DE VALORES E INSTRU'),(540301000000,'TITULOS PARA NEGOCIAR'),(540302000000,'TITULOS DISPONIBLES PARA LA VENTA'),(540303000000,'TITULOS CONSERVADOS A VENCIMIENTO'),(540331000000,'DERIVADOS CON FINES DE NEGOCIACION'),(540341000000,'DERIVADOS CON FINES DE COBERTURA'),(540400000000,'RESULTADO POR VALUACION DE DIVISAS'),(540500000000,'RESULTADO POR VALUACION DE METALES PRECIOSOS '),(540600000000,'RESULTADO POR COMPRAVENTA DE DIVISAS'),(540700000000,'RESULTADO POR COMPRAVENTA DE METALES PRECIOSO'),(540900000000,'RESULTADO POR COMPRAVENTA DE COLATERALES RECI'),(541000000000,'COSTO DE TRANSACCION'),(541002000000,'POR COMPRAVENTA DE DERIVADOS'),(541003000000,'POR TITULOS PARA NEGOCIAR'),(549900000000,'INCREMENTO POR ACTUALIZACION DEL RESULTADO PO'),(560000000000,'IMPUESTO A LA UTILIDAD DIFERIDOS'),(560100000000,'IMPUESTOS A LA UTILIDAD DIFERIDOS'),(569000000000,'ESTIMACION POR IMPUESTOS A LA UTILIDAD NO REC'),(569900000000,'INCREMENTO POR ACTUALIZACION DE IMPUESTOS A L'),(570000000000,'PARTICIPACION EN EL RESULTADO DE SUBSIDIARIAS'),(570100000000,'RESULTADO DEL EJERCICIO DE SUBSIDIARIASNO CON'),(570103000000,'EN SUBSIDIARIAS NO CONSOLIDADAS'),(570103010000,'PERTENECIENTES AL SECTOR FINANCIERO'),(570103020000,'NO PERTENECIENTES AL SECTOR FINANCIERO'),(570105000000,'EN ASOCIADAS'),(570105010000,'PERTENECIENTES AL SECTOR FINANCIERO'),(570105020000,'NO PERTENECIENTES AL SECTOR FINANCIERO'),(579900000000,'INCREMENTO POR ACTUALIZACION DE PARTICIPACION'),(580000000000,'OPERACIONES DISCONTINUADAS'),(580100000000,'OPERACIONES DISCONTINUADAS'),(589900000000,'INCREMENTO POR ACTUALIZACION DE OPERACIONES D'),(610000000000,'GASTOS POR INTERESES'),(610100000000,'INTERESES POR DEPOSITOS DE EXIGIBILIDAD INMED'),(610200000000,'INTERESES POR DEPOSITOS A PLAZO'),(610300000000,'INTERESES POR TITULOS DE CREDITO EMITIDOS'),(610400000000,'INTERESES Y RENDIMIENTOS A CARGO EN OPERACION'),(610600000000,'INTERESES POR OBLIGACIONES SUBORDINADAS'),(610601000000,'DE CONVERSION FORZOSA'),(610603000000,'NO CONVERTIBLES'),(610604000000,'DE CONVERSION POR DECISION DEL TENEDOR'),(610605000000,'DE CONVERSION POR DECISION DE LA ENTIDAD EMIS'),(610700000000,'PREMIOS A CARGO EN OPERACIONES DE PRESTAMO DE'),(610800000000,'PERDIDA POR VALORIZACION'),(610801000000,'PERDIDA EN CAMBIOS POR VALORIZACION'),(610802000000,'VALORIZACION DE INSTRUMENTOS INDIZADOS'),(610803000000,'VALORIZACION DE PARTIDAS EN UDIS'),(611100000000,'DESCUENTOS POR COLOCACION DE DEUDA'),(611101000000,'TITULOS DE CREDITO EMITIDOS'),(611102000000,'OBLIGACIONES SUBORDINADAS'),(611200000000,'COSTOS Y GASTOS ASOCIADOS CON EL OTORGAMIENTO'),(611400000000,'INTERESES POR PRESTAMOS INTERBANCARIOS Y DE O'),(611700000000,'GASTOS DE EMISION POR COLOCACION DE DEUDA'),(611900000000,'GASTOS PROVENIENTES DE OPERACIONES DE COBERTU'),(619900000000,'INCREMENTO POR ACTUALIZACION DE GASTOS POR IN'),(620000000000,'ESTIMACION PREVENTIVA PARA RIESGOS CREDITICIO'),(629100000000,'ESTIMACION PREVENTIVA PARA RIESGOS CREDITICIO'),(629101000000,'CARTERA DE CREDITO'),(629101510000,'CREDITOS COMERCIALES'),(629101510700,'CREDITOS COMERCIALES SIN RESTRICCION'),(629101510701,'ACTIVIDAD EMPRESARIAL O COMERCIAL'),(629101510702,'ENTIDADES FINANCIERAS'),(629101510703,'ENTIDADES GUBERNAMENTALES'),(629101510800,'CREDITOS COMERCIALES RESTRINGIDOS'),(629101510801,'ACTIVIDAD EMPRESARIAL O COMERCIAL'),(629101510802,'ENTIDADES FINANCIERAS'),(629101510803,'ENTIDADES GUBERNAMENTALES'),(629101610000,'CREDITOS DE CONSUMO'),(629101616700,'CREDITOS DE CONSUMO SIN RESTRICCION'),(629101616701,'TARJETA DE CREDITO'),(629101616702,'PERSONALES'),(629101616703,'AUTOMOTRIZ'),(629101616704,'ADQUISICION DE BIENES MUEBLES'),(629101616705,'OPERACIONES DE ARRENDAMIENTO'),(629101616713,'Nomina'),(629101616790,'OTROS CREDITOS DE CONSUMO'),(629101616800,'CREDITOS DE CONSUMOS RESTRINGIDOS'),(629101616801,'TARJETA DE CREDITO'),(629101616802,'PERSONALES'),(629101616803,'AUTOMOTRIZ'),(629101616804,'ADQUISISCION DE BIENES MUEBLES'),(629101616805,'OPERACIONES DE ARRENDAMIENTO CAPITALIZABLE'),(629101616813,'Nomina'),(629101616890,'OTROS CREDITOS DE CONSUMO'),(629101660000,'CREDITOS A LA VIVIENDA'),(629101660700,'CREDITOS A LA VIVIENDA SIN RESTRICCION'),(629101660701,'MEDIA Y RESIDENCIAL'),(629101660702,'DE INTERES SOCIAL'),(629101660800,'CREDITOS A LA VIVIENDA RESTRINGIDOS'),(629101660801,'MEDIA Y RESIDENCIAL'),(629101660802,'DE INTERES SOCIAL'),(629197000000,'OPERACIONES CONTINGENTES Y AVALES'),(629600000000,'ESTIMACION PREVENTIVA PARA RIESGOS CREDITICIO'),(629601000000,'PARA COBERTURA DE RIESGO SOBRE CARTERA DE VIV'),(629602000000,'POR SOBRETASA EN BONOS GUBERNAMENTALES. ESQUE'),(629603000000,'ORDENADA POR LA COMISION NACIONAL BANCARIA Y '),(629604000000,'POR RIESGOS OPERATIVOS (SOCIEDADES DE INFORMA'),(629605000000,'POR INTERESES DEVENGADOS SOBRE CREDITOS VENCI'),(629607000000,'APORTADAS EN EFECTIVO PARA LOS FIDEICOMISOS U'),(629608000000,'RECONOCIDA POR LA COMISION NACIONAL BANCARIA '),(629669000000,'OTRAS ESTIMACIONES'),(629900000000,'INCREMENTO POR ACTUALIZACION DE ESTIMACION PR'),(630000000000,'COMISIONES Y TARIFAS PAGADAS'),(630100000000,'BANCOS CORRESPONSALES'),(630200000000,'TRANSFERENCIA DE FONDOS'),(630400000000,'PRESTAMOS RECIBIDOS'),(631100000000,'COLOCACION DE DEUDA'),(631200000000,'COMISIONISTAS'),(639000000000,'OTRAS COMISIONES Y TARIFAS PAGADAS'),(639900000000,'INCREMENTO POR ACTUALIZACION DE COMISIONES Y '),(640000000000,'GASTOS DE ADMINISTRACION Y PROMOCION'),(640200000000,'HONORARIOS'),(640300000000,'RENTAS'),(640400000000,'GASTOS DE PROMOCION Y PUBLICIDAD'),(640500000000,'APORTACIONES AL IPAB BM'),(640600000000,'IMPUESTOS Y DERECHOS DIVERSOS'),(640800000000,'GASTOS NO DEDUCIBLES'),(640900000000,'GASTOS EN TECNOLOGIA'),(641000000000,'BENEFICIOS DIRECTOS DE CORTO PLAZO'),(641100000000,'PARTICIPACION DE LOS TRABAJADORES EN LAS UTIL'),(641101000000,'PARTICIPACION DE LOS TRABAJADORES EN LAS UTIL'),(641102000000,'PARTICIPACION DE LOS TRABAJADORES EN LAS UTIL'),(641103000000,'ESTIMACION POR PTU DIFERIDA NO RECUPERABLE'),(649000000000,'DEPRECIACIONES'),(649100000000,'OTROS GASTOS DE ADMINISTRACION Y PROMOCION'),(649200000000,'COSTO NETO DEL PERIODO DERIVADO DE BENEFICIOS'),(649201000000,'BENEFICIOS DIRECTOS A LARGO PLAZO'),(649202000000,'BENEFICOS POR TERMINACION'),(649202010000,'BENEFICIOS POR TERMINACIÓN POR CAUSAS DISTINT'),(649202020000,'BENEFICIOS POR TERMINACION POR CAUSA DE REEST'),(649203000000,'BENEFICIOS AL RETIRO'),(649203010000,'PENSIONES'),(649203020000,'PRIMA DE ANTIGUEDAD'),(649203030000,'OTROS BENEFICIOS POSTERIORES AL RETIRO'),(649300000000,'AMORTIZACIONES'),(649900000000,'INCREMENTO POR ACTUALIZACION DE GASTOS DE ADM'),(660000000000,'IMPUESTO A LA UTILIDAD CAUSADOS'),(660100000000,'IMPUESTO SOBRE LA RENTA CAUSADO'),(669900000000,'INCREMENTO POR ACTUALIZACION DE IMPUESTOS A L'),(700000000000,'CUENTAS DE ORDEN'),(710000000000,'AVALES OTORGADOS'),(730000000000,'COMPROMISOS CREDITICIOS'),(740000000000,'BIENES EN FIDEICOMISO O MANDATO'),(740100000000,'FIDEICOMISOS'),(740101000000,'De garantIa  inversiOn o administraciOn'),(740102000000,'Fideicomisos UDIS'),(740103000000,'Esquema de Rentas fideicomiso inmobiliario BM'),(740104000000,'Esquema de Rentas vehiculo de cobro BM'),(740200000000,'MANDATOS'),(750000000000,'BIENES EN CUSTODIA O EN ADMINISTRACION'),(750100000000,'BIENES EN CUSTODIA'),(750101000000,'TItulos emitidos por la instituciOn'),(750104000000,'Bienes muebles e inmuebles'),(750105000000,'VALORES'),(750190000000,'OTROS'),(750300000000,'BIENES EN ADMINISTRACION'),(760000000000,'OPERACIONES DE BANCA DE INVERSION POR CUENTA '),(760100000000,'EFECTIVO'),(760400000000,'INSTRUMENTOS FINANCIEROS'),(760900000000,'OTRAS INVERSIONES POR CUENTA DE TERCEROS'),(771000000000,'INTERESES DEVENGADOS NO COBRADOS DERIVADOS DE'),(773100000000,'COLATERALES RECIBIDOS POR LA ENTIDAD'),(773106000000,'EFECTIVO ADIMINISTRADO EN FIDEICOMISO'),(773107000000,'DEUDA GUBERNAMENTAL'),(773108000000,'DEUDA BANCARIA'),(773110000000,'INSTRUMENTOS DE PATRIMONIO NETO'),(773190000000,'OTROS'),(773191000000,'OTROS TITULOS DE DEUDA'),(773200000000,'COLATERALES RECIBIDOS Y VENDIDOS O ENTREGADOS'),(773207000000,'DEUDA GUBERNAMENTAL'),(773208000000,'DEUDA BANCARIA'),(773209000000,'OTROS TITULOS DE DEUDA'),(773210000000,'INSTRUMENTOS DE PATRIMONIO NETO'),(773290000000,'OTROS'),(780000000000,'OTRAS CUENTAS DE REGISTRO'),(790000000000,'ACTIVOS Y PASIVOS CONTINGENTES'),(790000000001,'ESTADO DE RESULTADOS');

#
# Structure for table "moneda"
#

DROP TABLE IF EXISTS `moneda`;
CREATE TABLE `moneda` (
  `idMoneda` int(11) NOT NULL AUTO_INCREMENT,
  `desMoneda` varchar(45) NOT NULL,
  PRIMARY KEY (`idMoneda`)
) ENGINE=InnoDB AUTO_INCREMENT=15 DEFAULT CHARSET=utf8;

#
# Data for table "moneda"
#

INSERT INTO `moneda` VALUES (1,' '),(4,'USD'),(14,'MXN');

#
# Structure for table "operacion"
#

DROP TABLE IF EXISTS `operacion`;
CREATE TABLE `operacion` (
  `idOperacion` int(11) NOT NULL AUTO_INCREMENT,
  `valOperacion` varchar(400) NOT NULL DEFAULT '',
  `idCuenta` bigint(20) NOT NULL DEFAULT '0',
  PRIMARY KEY (`idOperacion`),
  KEY `cuenta-operacion` (`idCuenta`),
  CONSTRAINT `cuenta-operacion` FOREIGN KEY (`idCuenta`) REFERENCES `catalogocuenta` (`idCatalogoCuenta`) ON DELETE CASCADE ON UPDATE CASCADE
) ENGINE=InnoDB AUTO_INCREMENT=116 DEFAULT CHARSET=utf8;

#
# Data for table "operacion"
#

INSERT INTO `operacion` VALUES (1,'((=909001)/(=916010))*(\"100\")',1),(2,'((=909001)/(=916008))*(\"100\")',916012),(3,'(=909001)/(=916005)',916011),(4,'((=916007)+(=916008))+(=916009)',916010),(5,'(=913001)/(\".08\")',916009),(6,'((=916001)+(=916004))+((=910003)+(913001))',916005),(7,'(=916002)/(\".08\")',916008),(8,'(=916001)/(\".08\")',916007),(9,'(=909001)-(=916005)',916006),(10,'(((=906004)+(=907001))+((=908003)+(=910001)))+(((=905001)+(=905002))+((=915001)+(=910002)))',916004),(11,'((((=901001)+(=902001))+((=903001)+(=904001)))+(((=908001)+(=906001))+((=906002)+(=906003))))+(=908002)',916001),(12,'((((=906004)+(=907001))+((=908003)+(=910001)))+(((=905001)+(=905002))+((=915001)+(=910002))))+(=910003)',916002),(13,'(((=901002)+(901003))+((=901004)+(=901005)))+(=901006)',901001),(16,'((=901007)+((=901008)+((=901009)+((=901010)+((=901011)+((=901012)+(901013)))))))+((=901014)+((=901015)+((=901016)+((=901017)+((=901018)+((=901019)+(901020)))))))',901002),(17,'(((=901021)-(=901022))^(\"2\"))^(\".5\")',901003),(18,'(=901023)*(=901031)',901004),(19,'(=901027)*(=901032)',901005),(20,'(=901028)+((=901029)+(=901030))',901006),(21,'(=901034)*(=901033)',901007),(22,'(=901035)*(=901033)',901008),(23,'(=901036)*(=901033)',901009),(24,'(=901037)*(=901033)',901010),(25,'(=901038)*(=901033)',901011),(26,'(=901039)*(=901033)',901012),(27,'(=901040)*(=901033)',901013),(28,'(=901041)*(=901033)',901014),(29,'(=901042)*(=901033)',901015),(30,'(=901043)*(=901033)',901016),(31,'(=901044)*(=901033)',901017),(32,'(=901045)*(=901033)',901018),(33,'(=901046)*(=901033)',901019),(34,'(=901047)*(=901033)',901020),(35,'((=901048)+((=901049)+((=901050)+((=901051)+((=901052)+((=901053)+(901054)))))))+((=901055)+((=901056)+((=901057)+((=901058)+((=901059)+((=901060)+(901061)))))))',901021),(36,'((=901062)+((=901063)+((=901064)+((=901065)+((=901066)+((=901067)+(901068)))))))+((=901069)+((=901070)+((=901071)+((=901072)+((=901073)+((=901074)+(901075)))))))',901022),(37,'(((=901026)^(\"2\"))^(\".5\"))m(((=901024)^(\"2\"))^(\".5\"))',901023),(38,'(((=901083)+(=901084))+((=901085)+(=901086)))+(((=901087)+(=901088))+(=901089))',901024),(39,'(=901080)+((=901081)+(=901082))',901025),(40,'((=901076)+(=901077))+((=901078)+(=901079))',901026),(43,'(((=901026)^(\"2\"))^(\".5\"))m(((=901025)^(\"2\"))^(\".5\"))',901027),(44,'(=901135)*(=901090)',901028),(45,'(=901136)*(=901091)',901029),(46,'(=901137)*(=901092)',901030),(49,'(\"100\")/(\"100\")',901031),(50,'(\"40\")/(\"100\")',901032),(52,'(\"10\")/(\"100\")',901033),(53,'(=901048)m(=901062)',901034),(54,'(=901049)m(=901063)',901035),(55,'(=901050)m(=901064)',901036),(56,'(=901051)m(=901065)',901037),(57,'(=901052)m(=901066)',901038),(58,'(=901053)m(=901067)',901039),(59,'(=901054)m(=901068)',901040),(60,'(=901055)m(=901069)',901041),(61,'(=901056)m(=901070)',901042),(62,'(=901057)m(=901071)',901043),(63,'(=901058)m(=901072)',901044),(64,'(=901059)m(=901073)',901045),(65,'(=901060)m(=901074)',901046),(66,'(=901061)m(=901075)',901047),(68,'((=901093)*(=901107))/(\"100\")',901048),(69,'((=901094)*(=901108))/(\"100\")',901049),(70,'((=901095)*(=901109))/(\"100\")',901050),(71,'((=901096)*(=901110))/(\"100\")',901051),(72,'((=901097)*(=901111))/(\"100\")',901052),(73,'((=901098)*(=901112))/(\"100\")',901053),(74,'((=901099)*(=901113))/(\"100\")',901054),(75,'((=901100)*(=901114))/(\"100\")',901055),(76,'((=901101)*(=901115))/(\"100\")',901056),(77,'((=901102)*(=901116))/(\"100\")',901057),(78,'((=901103)*(=901117))/(\"100\")',901058),(79,'((=901104)*(=901118))/(\"100\")',901059),(80,'((=901105)*(=901119))/(\"100\")',901060),(81,'((=901106)*(=901120))/(\"100\")',901061),(82,'((=901107)*(=901121))/(\"100\")',901062),(83,'((=901108)*(=901122))/(\"100\")',901063),(84,'((=901109)*(=901123))/(\"100\")',901064),(85,'((=901110)*(=901124))/(\"100\")',901065),(86,'((=901111)*(=901125))/(\"100\")',901066),(87,'((=901112)*(=901126))/(\"100\")',901067),(88,'((=901113)*(=901127))/(\"100\")',901068),(89,'((=901114)*(=901128))/(\"100\")',901069),(90,'((=901115)*(=901129))/(\"100\")',901070),(91,'((=901116)*(=901130))/(\"100\")',901071),(92,'((=901117)*(=901131))/(\"100\")',901072),(93,'((=901118)*(=901132))/(\"100\")',901073),(94,'((=901119)*(=901133))/(\"100\")',901074),(95,'((=901120)*(=901134))/(\"100\")',901075),(96,'(=901048)-(=901121)',901076),(97,'(=901049)-(=901122)',901077),(98,'(=901050)-(=901123)',901078),(99,'(=901051)-(=901124)',901079),(100,'(=901052)-(=901125)',901080),(101,'(=901053)-(=901126)',901081),(102,'(=901054)-(=901127)',901082),(103,'(=901055)-(=901128)',901083),(104,'(=901056)-(=901129)',901084),(105,'(=901057)-(=901130)',901085),(106,'(=901058)-(=901131)',901086),(107,'(=901059)-(=901132)',901087),(108,'(=901060)-(=901133)',901088),(109,'(=901061)-(=901134)',901089),(110,'(\"40\")/(\"100\")',901090),(111,'(\"30\")/(\"100\")',901091),(112,'(\"30\")/(\"100\")',901092),(113,'((((((\"0\")M(=901076))+((\"0\")M(=901077)))+(((\"0\")M(=901078))+((\"0\")M(=901079))))^(\"2\"))^(\".5\"))m((((((\"0\")m(=901076))+((\"0\")m(=901077)))+(((\"0\")m(=901078))+((\"0\")m(=901079))))^(\"2\"))^(\".5\"))',901135),(114,'((((((\"0\")M(=901080))+((\"0\")M(=901081)))+(((\"0\")M(=901082))+((\"0\")M(\"0\"))))^(\"2\"))^(\".5\"))m((((((\"0\")m(=901080))+((\"0\")m(=901081)))+(((\"0\")m(=901082))+((\"0\")m(\"0\"))))^(\"2\"))^(\".5\"))',901136),(115,'(((((((\"0\")M(=901083))+((\"0\")M(=901084)))+(((\"0\")M(=901085))+((\"0\")M(=901086))))+(((\"0\")M(=901087))+(((\"0\")M(=901088))+((\"0\")M(=901089)))))^(\"2\"))^(\".5\"))m(((((((\"0\")m(=901083))+((\"0\")m(=901084)))+(((\"0\")m(=901085))+((\"0\")m(=901086))))+(((\"0\")m(=901087))+(((\"0\")m(=901088))+((\"0\")m(=901089)))))^(\"2\"))^(\".5\"))',901137),(120,'(=901138)-(=901152)',901093),(121,'(=901139)-(=901153)',901094),(122,'(=901140)-(=901154)',901095),(123,'(=901141)-(=901155)',901096),(124,'(=901142)-(=901156)',901097),(125,'(=901143)-(=901157)',901098),(126,'(=901144)-(=901158)',901099),(127,'(=901145)-(=901159)',901100),(128,'(=901146)-(=901160)',901101),(129,'(=901147)-(=901161)',901102),(130,'(=901148)-(=901162)',901103),(131,'(=901149)-(=901163)',901104),(132,'(=901150)-(=901164)',901105),(133,'(=901151)-(=901165)',901106),(135,'(\".12\")*(\"1\")',901107),(136,'(\".25\")*(\"1\")',901108),(137,'(\".62\")*(\"1\")',901109),(138,'(\"1.12\")*(\"1\")',901110),(139,'(\"2.22\")*(\"1\")',901111),(140,'(\"3.87\")*(\"1\")',901112),(141,'(\"5.03\")*(\"1\")',901113),(142,'(\"6.59\")*(\"1\")',901114),(143,'(\"9.53\")*(\"1\")',901115),(144,'(\"12.47\")*(\"1\")',901116),(145,'(\"16.49\")*(\"1\")',901117),(146,'(\"19.67\")*(\"1\")',901118),(147,'(\"22.85\")*(\"1\")',901119),(148,'(\"26.03\")*(\"1\")',901120),(149,'(=901166)-(=901180)',901121),(150,'(=901167)-(=901181)',901122),(151,'(=901168)-(=901182)',901123),(152,'(=901169)-(=901183)',901124),(153,'(=901170)-(=901184)',901125),(154,'(=901171)-(=901185)',901126),(155,'(=901172)-(=901186)',901127),(156,'(=901173)-(=901187)',901128),(157,'(=901174)-(=901188)',901129),(158,'(=901175)-(=901189)',901130),(159,'(=901176)-(=901190)',901131),(160,'(=901177)-(=901191)',901132),(161,'(=901178)-(=901192)',901133),(162,'(=901179)-(=901193)',901134),(167,'(\"4447.0073\")*(\"1\")',901138),(168,'(\"12857.019554\")*(\"1\")',901139),(169,'(\"1091.343694\")*(\"1\")',901140),(170,'(\"649.420631\")*(\"1\")',901141),(171,'(\"1326.112743\")*(\"1\")',901142),(172,'(\"4.697363\")*(\"1\")',901143),(173,'(\".005248\")*(\"1\")',901144),(174,'(\"0\")*(\"1\")',901145),(175,'(\"0\")*(\"1\")',901146),(176,'(\"0\")*(\"1\")',901147),(177,'(\"0\")*(\"1\")',901148),(178,'(\"0\")*(\"1\")',901149),(179,'(\"0\")*(\"1\")',901150),(180,'(\"0\")*(\"1\")',901151),(181,'(\"0\")*(\"1\")',901152),(182,'(\"0\")*(\"1\")',901153),(183,'(\"0\")*(\"1\")',901154),(184,'(\"0\")*(\"1\")',901155),(185,'(\"0\")*(\"1\")',901156),(186,'(\"0\")*(\"1\")',901157),(187,'(\"0\")*(\"1\")',901158),(188,'(\"0\")*(\"1\")',901159),(189,'(\"0\")*(\"1\")',901160),(190,'(\"0\")*(\"1\")',901161),(191,'(\"0\")*(\"1\")',901162),(192,'(\"0\")*(\"1\")',901163),(193,'(\"0\")*(\"1\")',901164),(194,'(\"0\")*(\"1\")',901165),(195,'(\"16586.5839\")*(\"1\")',901166),(196,'(\"205.730561\")*(\"1\")',901167),(197,'(\"279.536631\")*(\"1\")',901168),(198,'(\"272.868189\")*(\"1\")',901169),(199,'(\"424.478820\")*(\"1\")',901170),(200,'(\"1666.756572\")*(\"1\")',901171),(201,'(\"0\")*(\"1\")',901172),(202,'(\"0\")*(\"1\")',901173),(203,'(\"0\")*(\"1\")',901174),(204,'(\"0\")*(\"1\")',901175),(205,'(\"0\")*(\"1\")',901176),(206,'(\"0\")*(\"1\")',901177),(207,'(\"0\")*(\"1\")',901178),(208,'(\"0\")*(\"1\")',901179),(209,'(\"0\")*(\"1\")',901180),(210,'(\"0\")*(\"1\")',901181),(211,'(\"0\")*(\"1\")',901182),(212,'(\"0\")*(\"1\")',901183),(213,'(\"0\")*(\"1\")',901184),(214,'(\"0\")*(\"1\")',901185),(215,'(\"0\")*(\"1\")',901186),(216,'(\"0\")*(\"1\")',901187),(217,'(\"0\")*(\"1\")',901188),(218,'(\"0\")*(\"1\")',901189),(219,'(\"0\")*(\"1\")',901190),(220,'(\"0\")*(\"1\")',901191),(221,'(\"0\")*(\"1\")',901192),(222,'(\"0\")*(\"1\")',901193);

#
# Structure for table "regcuenta"
#

DROP TABLE IF EXISTS `regcuenta`;
CREATE TABLE `regcuenta` (
  `idRegCuenta` int(11) NOT NULL AUTO_INCREMENT,
  `desRegCuenta` varchar(255) NOT NULL DEFAULT '',
  `fecha` datetime DEFAULT '0000-00-00 00:00:00',
  PRIMARY KEY (`idRegCuenta`)
) ENGINE=InnoDB AUTO_INCREMENT=3 DEFAULT CHARSET=utf8;

#
# Data for table "regcuenta"
#

INSERT INTO `regcuenta` VALUES (1,'ICAP diciembre 2013','2013-12-31 00:00:00'),(2,'ICAP noviembre 2013','2013-11-30 00:00:00');

#
# Structure for table "cuenta"
#

DROP TABLE IF EXISTS `cuenta`;
CREATE TABLE `cuenta` (
  `idCuenta` bigint(20) NOT NULL AUTO_INCREMENT,
  `valor` double DEFAULT '0',
  `ref` varchar(80) DEFAULT NULL COMMENT 'cuentas de referencia',
  `status` int(11) DEFAULT '0' COMMENT 'nos dice si la cuenta tiene status sucio o limpio',
  `idMoneda` int(11) DEFAULT '1',
  `idCatalogoCuenta` bigint(20) NOT NULL DEFAULT '0',
  `idRegCuenta` int(11) NOT NULL DEFAULT '0',
  PRIMARY KEY (`idCuenta`),
  KEY `cuenta - moneda_idx` (`idMoneda`),
  KEY `cuenta - catalogocuenta` (`idCatalogoCuenta`),
  KEY `cuenta - regCuenta` (`idRegCuenta`),
  CONSTRAINT `cuenta - catalogocuenta` FOREIGN KEY (`idCatalogoCuenta`) REFERENCES `catalogocuenta` (`idCatalogoCuenta`) ON DELETE CASCADE ON UPDATE CASCADE,
  CONSTRAINT `cuenta - moneda` FOREIGN KEY (`idMoneda`) REFERENCES `moneda` (`idMoneda`) ON DELETE CASCADE ON UPDATE CASCADE,
  CONSTRAINT `cuenta - regCuenta` FOREIGN KEY (`idRegCuenta`) REFERENCES `regcuenta` (`idRegCuenta`) ON DELETE CASCADE ON UPDATE CASCADE
) ENGINE=InnoDB AUTO_INCREMENT=4326 DEFAULT CHARSET=utf8;

#
# Data for table "cuenta"
#

INSERT INTO `cuenta` VALUES (2135,21789855204,'',0,14,100000000000,1),(2136,23922077,'',0,4,100000000000,1),(2137,882156227,'',0,14,110000000000,1),(2138,16722896,'',0,4,110000000000,1),(2139,644164373,'',0,14,110100000000,1),(2140,0,'',0,4,110100000000,1),(2141,112564152,'',0,14,110200000000,1),(2142,16722896,'',0,4,110200000000,1),(2143,0,'',0,14,110201000000,1),(2144,0,'',0,4,110201000000,1),(2145,112564152,'',0,14,110202000000,1),(2146,16722896,'',0,4,110202000000,1),(2147,0,'',0,14,110203000000,1),(2148,0,'',0,4,110203000000,1),(2149,0,'',0,14,110300000000,1),(2150,0,'',0,4,110300000000,1),(2151,0,'',0,14,110301000000,1),(2152,0,'',0,4,110301000000,1),(2153,0,'',0,14,110303000000,1),(2154,0,'',0,4,110303000000,1),(2155,0,'',0,14,110390000000,1),(2156,0,'',0,4,110390000000,1),(2157,125427702,'',0,14,110400000000,1),(2158,0,'',0,4,110400000000,1),(2159,125427702,'',0,14,110403000000,1),(2160,0,'',0,4,110403000000,1),(2161,0,'',0,14,110404000000,1),(2162,0,'',0,4,110404000000,1),(2163,0,'',0,14,110405000000,1),(2164,0,'',0,4,110405000000,1),(2165,0,'',0,14,110411000000,1),(2166,0,'',0,4,110411000000,1),(2167,0,'',0,14,110490000000,1),(2168,0,'',0,4,110490000000,1),(2169,10738655717,'',0,14,120000000000,1),(2170,0,'',0,4,120000000000,1),(2171,9428218589,'',0,14,120100000000,1),(2172,0,'',0,4,120100000000,1),(2173,9428218589,'',0,14,120101000000,1),(2174,0,'',0,4,120101000000,1),(2175,1470966846,'',0,14,120101010000,1),(2176,0,'',0,4,120101010000,1),(2177,1470966846,'',0,14,120101010100,1),(2178,0,'',0,4,120101010100,1),(2179,0,'',0,14,120101010200,1),(2180,0,'',0,4,120101010200,1),(2181,5667000677,'',0,14,120101020000,1),(2182,0,'',0,4,120101020000,1),(2183,5667000677,'',0,14,120101020100,1),(2184,0,'',0,4,120101020100,1),(2185,0,'',0,14,120101020200,1),(2186,0,'',0,4,120101020200,1),(2187,2290251066,'',0,14,120101030000,1),(2188,0,'',0,4,120101030000,1),(2189,2290251066,'',0,14,120101030100,1),(2190,0,'',0,4,120101030100,1),(2191,0,'',0,14,120101030200,1),(2192,0,'',0,4,120101030200,1),(2193,0,'',0,14,120101040000,1),(2194,0,'',0,4,120101040000,1),(2195,0,'',0,14,120102000000,1),(2196,0,'',0,4,120102000000,1),(2197,0,'',0,14,120102010000,1),(2198,0,'',0,4,120102010000,1),(2199,0,'',0,14,120102020000,1),(2200,0,'',0,4,120102020000,1),(2201,0,'',0,14,120102030000,1),(2202,0,'',0,4,120102030000,1),(2203,0,'',0,14,120200000000,1),(2204,0,'',0,4,120200000000,1),(2205,0,'',0,14,120201000000,1),(2206,0,'',0,4,120201000000,1),(2207,0,'',0,14,120201010000,1),(2208,0,'',0,4,120201010000,1),(2209,0,'',0,14,120201010100,1),(2210,0,'',0,4,120201010100,1),(2211,0,'',0,14,120201010200,1),(2212,0,'',0,4,120201010200,1),(2213,0,'',0,14,120201020000,1),(2214,0,'',0,4,120201020000,1),(2215,0,'',0,14,120201020100,1),(2216,0,'',0,4,120201020100,1),(2217,0,'',0,14,120201020200,1),(2218,0,'',0,4,120201020200,1),(2219,0,'',0,14,120201030000,1),(2220,0,'',0,4,120201030000,1),(2221,0,'',0,14,120201030100,1),(2222,0,'',0,4,120201030100,1),(2223,0,'',0,14,120201030200,1),(2224,0,'',0,4,120201030200,1),(2225,0,'',0,14,120201040000,1),(2226,0,'',0,4,120201040000,1),(2227,0,'',0,14,120202000000,1),(2228,0,'',0,4,120202000000,1),(2229,0,'',0,14,120202010000,1),(2230,0,'',0,4,120202010000,1),(2231,0,'',0,14,120202020000,1),(2232,0,'',0,4,120202020000,1),(2233,0,'',0,14,120202030000,1),(2234,0,'',0,4,120202030000,1),(2235,1310437128,'',0,14,120300000000,1),(2236,0,'',0,4,120300000000,1),(2237,1310437128,'',0,14,120304000000,1),(2238,0,'',0,4,120304000000,1),(2239,0,'',0,14,120304010000,1),(2240,0,'',0,4,120304010000,1),(2241,0,'',0,14,120304010100,1),(2242,0,'',0,4,120304010100,1),(2243,0,'',0,14,120304010200,1),(2244,0,'',0,4,120304010200,1),(2245,0,'',0,14,120304020000,1),(2246,0,'',0,4,120304020000,1),(2247,0,'',0,14,120304020100,1),(2248,0,'',0,4,120304020100,1),(2249,0,'',0,14,120304020200,1),(2250,0,'',0,4,120304020200,1),(2251,1310437128,'',0,14,120304030000,1),(2252,0,'',0,4,120304030000,1),(2253,1310437128,'',0,14,120304030100,1),(2254,0,'',0,4,120304030100,1),(2255,0,'',0,14,120304030200,1),(2256,0,'',0,4,120304030200,1),(2257,0,'',0,14,120305000000,1),(2258,0,'',0,4,120305000000,1),(2259,0,'',0,14,120305010000,1),(2260,0,'',0,4,120305010000,1),(2261,0,'',0,14,120305020000,1),(2262,0,'',0,4,120305020000,1),(2263,0,'',0,14,120305030000,1),(2264,0,'',0,4,120305030000,1),(2265,0,'',0,14,121400000000,1),(2266,0,'',0,4,121400000000,1),(2267,8514891137,'',0,14,130000000000,1),(2268,0,'',0,4,130000000000,1),(2269,415471020,'',0,14,130100000000,1),(2270,0,'',0,4,130100000000,1),(2271,8099420117,'',0,14,131100000000,1),(2272,0,'',0,4,131100000000,1),(2273,0,'',0,14,131600000000,1),(2274,0,'',0,4,131600000000,1),(2275,1157633542,'',0,14,135000000000,1),(2276,0,'',0,4,135000000000,1),(2277,0,'',0,14,135100000000,1),(2278,0,'',0,4,135100000000,1),(2279,0,'',0,14,135105000000,1),(2280,0,'',0,4,135105000000,1),(2281,0,'',0,14,135105010000,1),(2282,0,'',0,4,135105010000,1),(2283,0,'',0,14,135105020000,1),(2284,0,'',0,4,135105020000,1),(2285,0,'',0,14,135105030000,1),(2286,0,'',0,4,135105030000,1),(2287,0,'',0,14,135105040000,1),(2288,0,'',0,4,135105040000,1),(2289,0,'',0,14,135105050000,1),(2290,0,'',0,4,135105050000,1),(2291,0,'',0,14,135105060000,1),(2292,0,'',0,4,135105060000,1),(2293,0,'',0,14,135156000000,1),(2294,0,'',0,4,135156000000,1),(2295,0,'',0,14,135156010000,1),(2296,0,'',0,4,135156010000,1),(2297,0,'',0,14,135156020000,1),(2298,0,'',0,4,135156020000,1),(2299,0,'',0,14,135171000000,1),(2300,0,'',0,4,135171000000,1),(2301,0,'',0,14,135171010000,1),(2302,0,'',0,4,135171010000,1),(2303,0,'',0,14,135171020000,1),(2304,0,'',0,4,135171020000,1),(2305,0,'',0,14,135171030000,1),(2306,0,'',0,4,135171030000,1),(2307,0,'',0,14,135171040000,1),(2308,0,'',0,4,135171040000,1),(2309,1157633542,'',0,14,136100000000,1),(2310,0,'',0,4,136100000000,1),(2311,1073614708,'',0,14,136101000000,1),(2312,0,'',0,4,136101000000,1),(2313,84018834,'',0,14,136103000000,1),(2314,0,'',0,4,136103000000,1),(2315,0,'',0,14,136104000000,1),(2316,0,'',0,4,136104000000,1),(2317,0,'',0,14,136190000000,1),(2318,0,'',0,4,136190000000,1),(2319,0,'',0,14,136600000000,1),(2320,0,'',0,4,136600000000,1),(2321,0,'',0,14,136601000000,1),(2322,0,'',0,4,136601000000,1),(2323,0,'',0,14,136602000000,1),(2324,0,'',0,4,136602000000,1),(2325,-2036625524,'',0,14,139000000000,1),(2326,0,'',0,4,139000000000,1),(2327,-1916654047,'',0,14,139100000000,1),(2328,0,'',0,4,139100000000,1),(2329,-1916654047,'',0,14,139150000000,1),(2330,0,'',0,4,139150000000,1),(2331,0,'',0,14,139197000000,1),(2332,0,'',0,4,139197000000,1),(2333,-119971477,'',0,14,139600000000,1),(2334,0,'',0,4,139600000000,1),(2335,0,'',0,14,139601000000,1),(2336,0,'',0,4,139601000000,1),(2337,0,'',0,14,139602000000,1),(2338,0,'',0,4,139602000000,1),(2339,-107512,'',0,14,139604000000,1),(2340,0,'',0,4,139604000000,1),(2341,-119863965,'',0,14,139605000000,1),(2342,0,'',0,4,139605000000,1),(2343,0,'',0,14,139603000000,1),(2344,0,'',0,4,139603000000,1),(2345,0,'',0,14,139608000000,1),(2346,0,'',0,4,139608000000,1),(2347,67316633,'',0,14,140000000000,1),(2348,7199181,'',0,4,140000000000,1),(2349,0,'',0,14,140200000000,1),(2350,0,'',0,4,140200000000,1),(2351,0,'',0,14,140201000000,1),(2352,0,'',0,4,140201000000,1),(2353,0,'',0,14,140202000000,1),(2354,0,'',0,4,140202000000,1),(2355,78536539,'',0,14,140100000000,1),(2356,7199181,'',0,4,140100000000,1),(2357,48690,'',0,14,140102000000,1),(2358,0,'',0,4,140102000000,1),(2359,7009301,'',0,14,140103000000,1),(2360,0,'',0,4,140103000000,1),(2361,10372689,'',0,14,140104000000,1),(2362,0,'',0,4,140104000000,1),(2363,6329985,'',0,14,140105000000,1),(2364,0,'',0,4,140105000000,1),(2365,0,'',0,14,140106000000,1),(2366,0,'',0,4,140106000000,1),(2367,0,'',0,14,140108000000,1),(2368,0,'',0,4,140108000000,1),(2369,54775874,'',0,14,140190000000,1),(2370,7199181,'',0,4,140190000000,1),(2371,-11219906,'',0,14,149100000000,1),(2372,0,'',0,4,149100000000,1),(2373,0,'',0,14,149101000000,1),(2374,0,'',0,4,149101000000,1),(2375,0,'',0,14,149101010000,1),(2376,0,'',0,4,149101010000,1),(2377,0,'',0,14,149101020000,1),(2378,0,'',0,4,149101020000,1),(2379,0,'',0,14,150000000000,1),(2380,0,'',0,4,150000000000,1),(2381,0,'',0,14,150100000000,1),(2382,0,'',0,4,150100000000,1),(2383,0,'',0,14,150200000000,1),(2384,0,'',0,4,150200000000,1),(2385,0,'',0,14,150300000000,1),(2386,0,'',0,4,150300000000,1),(2387,0,'',0,14,150400000000,1),(2388,0,'',0,4,150400000000,1),(2389,0,'',0,14,155000000000,1),(2390,0,'',0,4,155000000000,1),(2391,0,'',0,14,156000000000,1),(2392,0,'',0,4,156000000000,1),(2393,0,'',0,14,157000000000,1),(2394,0,'',0,4,157000000000,1),(2395,178875611,'',0,14,160000000000,1),(2396,0,'',0,4,160000000000,1),(2397,300652472,'',0,14,160100000000,1),(2398,0,'',0,4,160100000000,1),(2399,0,'',0,14,160101000000,1),(2400,0,'',0,4,160101000000,1),(2401,0,'',0,14,160102000000,1),(2402,0,'',0,4,160102000000,1),(2403,0,'',0,14,160103000000,1),(2404,0,'',0,4,160103000000,1),(2405,8603738,'',0,14,160104000000,1),(2406,0,'',0,4,160104000000,1),(2407,285325524,'',0,14,160105000000,1),(2408,0,'',0,4,160105000000,1),(2409,1261299,'',0,14,160106000000,1),(2410,0,'',0,4,160106000000,1),(2411,5461911,'',0,14,160107000000,1),(2412,0,'',0,4,160107000000,1),(2413,0,'',0,14,160190000000,1),(2414,0,'',0,4,160190000000,1),(2415,173201,'',0,14,160200000000,1),(2416,0,'',0,4,160200000000,1),(2417,0,'',0,14,160201000000,1),(2418,0,'',0,4,160201000000,1),(2419,0,'',0,14,160202000000,1),(2420,0,'',0,4,160202000000,1),(2421,0,'',0,14,160203000000,1),(2422,0,'',0,4,160203000000,1),(2423,0,'',0,14,160204000000,1),(2424,0,'',0,4,160204000000,1),(2425,173201,'',0,14,160205000000,1),(2426,0,'',0,4,160205000000,1),(2427,0,'',0,14,160206000000,1),(2428,0,'',0,4,160206000000,1),(2429,0,'',0,14,160207000000,1),(2430,0,'',0,4,160207000000,1),(2431,0,'',0,14,160290000000,1),(2432,0,'',0,4,160290000000,1),(2433,-121950062,'',0,14,161100000000,1),(2434,0,'',0,4,161100000000,1),(2435,0,'',0,14,161102000000,1),(2436,0,'',0,4,161102000000,1),(2437,-4242272,'',0,14,161104000000,1),(2438,0,'',0,4,161104000000,1),(2439,-116446491,'',0,14,161105000000,1),(2440,0,'',0,4,161105000000,1),(2441,-1261299,'',0,14,161106000000,1),(2442,0,'',0,4,161106000000,1),(2443,0,'',0,14,161107000000,1),(2444,0,'',0,4,161107000000,1),(2445,0,'',0,14,161190000000,1),(2446,0,'',0,4,161190000000,1),(2447,0,'',0,14,161200000000,1),(2448,0,'',0,4,161200000000,1),(2449,0,'',0,14,161202000000,1),(2450,0,'',0,4,161202000000,1),(2451,0,'',0,14,161204000000,1),(2452,0,'',0,4,161204000000,1),(2453,0,'',0,14,161205000000,1),(2454,0,'',0,4,161205000000,1),(2455,0,'',0,14,161206000000,1),(2456,0,'',0,4,161206000000,1),(2457,0,'',0,14,161207000000,1),(2458,0,'',0,4,161207000000,1),(2459,0,'',0,14,161290000000,1),(2460,0,'',0,4,161290000000,1),(2461,2877546,'',0,14,170000000000,1),(2462,0,'',0,4,170000000000,1),(2463,0,'',0,14,170100000000,1),(2464,0,'',0,4,170100000000,1),(2465,0,'',0,14,170101000000,1),(2466,0,'',0,4,170101000000,1),(2467,0,'',0,14,170102000000,1),(2468,0,'',0,4,170102000000,1),(2469,0,'',0,14,170200000000,1),(2470,0,'',0,4,170200000000,1),(2471,0,'',0,14,170201000000,1),(2472,0,'',0,4,170201000000,1),(2473,0,'',0,14,170202000000,1),(2474,0,'',0,4,170202000000,1),(2475,2877546,'',0,14,179000000000,1),(2476,0,'',0,4,179000000000,1),(2477,0,'',0,14,179001000000,1),(2478,0,'',0,4,179001000000,1),(2479,2877546,'',0,14,179002000000,1),(2480,0,'',0,4,179002000000,1),(2481,435288382,'',0,14,180000000000,1),(2482,0,'',0,4,180000000000,1),(2483,428952991,'',0,14,180100000000,1),(2484,0,'',0,4,180100000000,1),(2485,6335391,'',0,14,180300000000,1),(2486,0,'',0,4,180300000000,1),(2487,848970171,'',0,14,190000000000,1),(2488,0,'',0,4,190000000000,1),(2489,848970171,'',0,14,190300000000,1),(2490,0,'',0,4,190300000000,1),(2491,75985846,'',0,14,190301000000,1),(2492,0,'',0,4,190301000000,1),(2493,0,'',0,14,190301010000,1),(2494,0,'',0,4,190301010000,1),(2495,0,'',0,14,190301030000,1),(2496,0,'',0,4,190301030000,1),(2497,0,'',0,14,190301040000,1),(2498,0,'',0,4,190301040000,1),(2499,0,'',0,14,190301100000,1),(2500,0,'',0,4,190301100000,1),(2501,611811,'',0,14,190301060000,1),(2502,0,'',0,4,190301060000,1),(2503,54300725,'',0,14,190301900000,1),(2504,0,'',0,4,190301900000,1),(2505,772984325,'',0,14,190302000000,1),(2506,0,'',0,4,190302000000,1),(2507,0,'',0,14,190302010000,1),(2508,0,'',0,4,190302010000,1),(2509,0,'',0,14,190302020000,1),(2510,0,'',0,4,190302020000,1),(2511,430346407,'',0,14,190302800000,1),(2512,0,'',0,4,190302800000,1),(2513,0,'',0,14,190302070000,1),(2514,0,'',0,4,190302070000,1),(2515,342637918,'',0,14,190302900000,1),(2516,0,'',0,4,190302900000,1),(2517,0,'',0,14,190303000000,1),(2518,0,'',0,4,190303000000,1),(2519,0,'',0,14,190303010000,1),(2520,0,'',0,4,190303010000,1),(2521,0,'',0,14,190303010100,1),(2522,0,'',0,4,190303010100,1),(2523,0,'',0,14,190303010200,1),(2524,0,'',0,4,190303010200,1),(2525,0,'',0,14,190303020000,1),(2526,0,'',0,4,190303020000,1),(2527,0,'',0,14,190303020100,1),(2528,0,'',0,4,190303020100,1),(2529,0,'',0,14,190303020200,1),(2530,0,'',0,4,190303020200,1),(2531,0,'',0,14,191600000000,1),(2532,0,'',0,4,191600000000,1),(2533,0,'',0,14,191604000000,1),(2534,0,'',0,4,191604000000,1),(2535,0,'',0,14,191606000000,1),(2536,0,'',0,4,191606000000,1),(2537,18529675007,'',0,14,200000000000,1),(2538,0,'',0,4,200000000000,1),(2539,17935629475,'',0,14,210000000000,1),(2540,0,'',0,4,210000000000,1),(2541,16667565720,'',0,14,210100000000,1),(2542,0,'',0,4,210100000000,1),(2543,366969288,'',0,14,210101000000,1),(2544,0,'',0,4,210101000000,1),(2545,16300596432,'',0,14,210102000000,1),(2546,0,'',0,4,210102000000,1),(2547,1268063755,'',0,14,211100000000,1),(2548,0,'',0,4,211100000000,1),(2549,1268063755,'',0,14,211101000000,1),(2550,0,'',0,4,211101000000,1),(2551,0,'',0,14,211102000000,1),(2552,0,'',0,4,211102000000,1),(2553,0,'',0,14,230000000000,1),(2554,0,'',0,4,230000000000,1),(2555,0,'',0,14,230100000000,1),(2556,0,'',0,4,230100000000,1),(2557,0,'',0,14,230200000000,1),(2558,0,'',0,4,230200000000,1),(2559,0,'',0,14,230201000000,1),(2560,0,'',0,4,230201000000,1),(2561,0,'',0,14,230202000000,1),(2562,0,'',0,4,230202000000,1),(2563,0,'',0,14,230203000000,1),(2564,0,'',0,4,230203000000,1),(2565,0,'',0,14,230204000000,1),(2566,0,'',0,4,230204000000,1),(2567,0,'',0,14,230205000000,1),(2568,0,'',0,4,230205000000,1),(2569,0,'',0,14,230300000000,1),(2570,0,'',0,4,230300000000,1),(2571,0,'',0,14,230301000000,1),(2572,0,'',0,4,230301000000,1),(2573,0,'',0,14,230302000000,1),(2574,0,'',0,4,230302000000,1),(2575,0,'',0,14,230303000000,1),(2576,0,'',0,4,230303000000,1),(2577,0,'',0,14,230304000000,1),(2578,0,'',0,4,230304000000,1),(2579,0,'',0,14,230305000000,1),(2580,0,'',0,4,230305000000,1),(2581,433101590,'',0,14,240000000000,1),(2582,0,'',0,4,240000000000,1),(2583,0,'',0,14,240200000000,1),(2584,0,'',0,4,240200000000,1),(2585,0,'',0,14,240201000000,1),(2586,0,'',0,4,240201000000,1),(2587,0,'',0,14,240300000000,1),(2588,0,'',0,4,240300000000,1),(2589,428632666,'',0,14,240100000000,1),(2590,0,'',0,4,240100000000,1),(2591,5407230,'',0,14,240102000000,1),(2592,0,'',0,4,240102000000,1),(2593,0,'',0,14,240102010000,1),(2594,0,'',0,4,240102010000,1),(2595,0,'',0,14,240102020000,1),(2596,0,'',0,4,240102020000,1),(2597,0,'',0,14,240102030000,1),(2598,0,'',0,4,240102030000,1),(2599,0,'',0,14,240102040000,1),(2600,0,'',0,4,240102040000,1),(2601,0,'',0,14,240102050000,1),(2602,0,'',0,4,240102050000,1),(2603,4105774,'',0,14,240102060000,1),(2604,0,'',0,4,240102060000,1),(2605,0,'',0,14,240102080000,1),(2606,0,'',0,4,240102080000,1),(2607,0,'',0,14,240102090000,1),(2608,0,'',0,4,240102090000,1),(2609,0,'',0,14,240102070000,1),(2610,0,'',0,4,240102070000,1),(2611,1301456,'',0,14,240102900000,1),(2612,0,'',0,4,240102900000,1),(2613,0,'',0,14,240103000000,1),(2614,0,'',0,4,240103000000,1),(2615,0,'',0,14,240113000000,1),(2616,0,'',0,4,240113000000,1),(2617,0,'',0,14,240115000000,1),(2618,0,'',0,4,240115000000,1),(2619,0,'',0,14,240105000000,1),(2620,0,'',0,4,240105000000,1),(2621,0,'',0,14,240106000000,1),(2622,0,'',0,4,240106000000,1),(2623,81953,'',0,14,240107000000,1),(2624,0,'',0,4,240107000000,1),(2625,316651765,'',0,14,240108000000,1),(2626,0,'',0,4,240108000000,1),(2627,15130460,'',0,14,240109000000,1),(2628,0,'',0,4,240109000000,1),(2629,22014028,'',0,14,240110000000,1),(2630,0,'',0,4,240110000000,1),(2631,12285511,'',0,14,240112000000,1),(2632,0,'',0,4,240112000000,1),(2633,0,'',0,14,240112020000,1),(2634,0,'',0,4,240112020000,1),(2635,0,'',0,14,240112030000,1),(2636,0,'',0,4,240112030000,1),(2637,0,'',0,14,240112040000,1),(2638,0,'',0,4,240112040000,1),(2639,0,'',0,14,240112060000,1),(2640,0,'',0,4,240112060000,1),(2641,0,'',0,14,240112090000,1),(2642,0,'',0,4,240112090000,1),(2643,12285511,'',0,14,240112900000,1),(2644,0,'',0,4,240112900000,1),(2645,57061719,'',0,14,240190000000,1),(2646,0,'',0,4,240190000000,1),(2647,0,'',0,14,270000000000,1),(2648,0,'',0,4,270000000000,1),(2649,0,'',0,14,270100000000,1),(2650,0,'',0,4,270100000000,1),(2651,0,'',0,14,270101000000,1),(2652,0,'',0,4,270101000000,1),(2653,0,'',0,14,270103000000,1),(2654,0,'',0,4,270103000000,1),(2655,135385366,'',0,14,280000000000,1),(2656,0,'',0,4,280000000000,1),(2657,131696709,'',0,14,280100000000,1),(2658,0,'',0,4,280100000000,1),(2659,3688657,'',0,14,280300000000,1),(2660,0,'',0,4,280300000000,1),(2661,25558576,'',0,14,290000000000,1),(2662,0,'',0,4,290000000000,1),(2663,25558576,'',0,14,293100000000,1),(2664,0,'',0,4,293100000000,1),(2665,1006268,'',0,14,293101000000,1),(2666,0,'',0,4,293101000000,1),(2667,24552308,'',0,14,293104000000,1),(2668,0,'',0,4,293104000000,1),(2669,0,'',0,14,293105000000,1),(2670,0,'',0,4,293105000000,1),(2671,0,'',0,14,293103000000,1),(2672,0,'',0,4,293103000000,1),(2673,0,'',0,14,293106000000,1),(2674,0,'',0,4,293106000000,1),(2675,0,'',0,14,293190000000,1),(2676,0,'',0,4,293190000000,1),(2677,0,'',0,14,293200000000,1),(2678,0,'',0,4,293200000000,1),(2679,0,'',0,14,293201000000,1),(2680,0,'',0,4,293201000000,1),(2681,0,'',0,14,293202000000,1),(2682,0,'',0,4,293202000000,1),(2683,0,'',0,14,293207000000,1),(2684,0,'',0,4,293207000000,1),(2685,0,'',0,14,293208000000,1),(2686,0,'',0,4,293208000000,1),(2687,0,'',0,14,293209000000,1),(2688,0,'',0,4,293209000000,1),(2689,0,'',0,14,293290000000,1),(2690,0,'',0,4,293290000000,1),(2691,2614175981,'',0,14,400000000000,1),(2692,0,'',0,4,400000000000,1),(2693,2565519351,'',0,14,410000000000,1),(2694,0,'',0,4,410000000000,1),(2695,2550000000,'',0,14,410100000000,1),(2696,0,'',0,4,410100000000,1),(2697,0,'',0,14,410200000000,1),(2698,0,'',0,4,410200000000,1),(2699,15519351,'',0,14,410300000000,1),(2700,0,'',0,4,410300000000,1),(2701,0,'',0,14,410700000000,1),(2702,0,'',0,4,410700000000,1),(2703,0,'',0,14,410800000000,1),(2704,0,'',0,4,410800000000,1),(2705,0,'',0,14,410400000000,1),(2706,0,'',0,4,410400000000,1),(2707,0,'',0,14,410500000000,1),(2708,0,'',0,4,410500000000,1),(2709,0,'',0,14,411100000000,1),(2710,0,'',0,4,411100000000,1),(2711,0,'',0,14,411200000000,1),(2712,0,'',0,4,411200000000,1),(2713,48656630,'',0,14,420000000000,1),(2714,0,'',0,4,420000000000,1),(2715,76796505,'',0,14,420100000000,1),(2716,0,'',0,4,420100000000,1),(2717,0,'',0,14,420200000000,1),(2718,0,'',0,4,420200000000,1),(2719,-28035498,'',0,14,420300000000,1),(2720,0,'',0,4,420300000000,1),(2721,-28035498,'',0,14,420301000000,1),(2722,0,'',0,4,420301000000,1),(2723,0,'',0,14,420302000000,1),(2724,0,'',0,4,420302000000,1),(2725,-104377,'',0,14,420400000000,1),(2726,0,'',0,4,420400000000,1),(2727,0,'',0,14,420500000000,1),(2728,0,'',0,4,420500000000,1),(2729,0,'',0,14,420501000000,1),(2730,0,'',0,4,420501000000,1),(2731,0,'',0,14,420502000000,1),(2732,0,'',0,4,420502000000,1),(2733,0,'',0,14,420503000000,1),(2734,0,'',0,4,420503000000,1),(2735,0,'',0,14,429000000000,1),(2736,0,'',0,4,429000000000,1),(2737,0,'',0,14,421500000000,1),(2738,0,'',0,4,421500000000,1),(2739,0,'',0,14,421600000000,1),(2740,0,'',0,4,421600000000,1),(2741,30066490452,'',0,14,700000000000,1),(2742,0,'',0,4,700000000000,1),(2743,0,'',0,14,710000000000,1),(2744,0,'',0,4,710000000000,1),(2745,23509558,'',0,14,790000000000,1),(2746,0,'',0,4,790000000000,1),(2747,6734184605,'',0,14,730000000000,1),(2748,0,'',0,4,730000000000,1),(2749,0,'',0,14,740000000000,1),(2750,0,'',0,4,740000000000,1),(2751,0,'',0,14,740100000000,1),(2752,0,'',0,4,740100000000,1),(2753,0,'',0,14,740101000000,1),(2754,0,'',0,4,740101000000,1),(2755,0,'',0,14,740102000000,1),(2756,0,'',0,4,740102000000,1),(2757,0,'',0,14,740103000000,1),(2758,0,'',0,4,740103000000,1),(2759,0,'',0,14,740104000000,1),(2760,0,'',0,4,740104000000,1),(2761,0,'',0,14,740200000000,1),(2762,0,'',0,4,740200000000,1),(2763,79998940,'',0,14,750000000000,1),(2764,0,'',0,4,750000000000,1),(2765,79998940,'',0,14,750100000000,1),(2766,0,'',0,4,750100000000,1),(2767,0,'',0,14,750101000000,1),(2768,0,'',0,4,750101000000,1),(2769,0,'',0,14,750104000000,1),(2770,0,'',0,4,750104000000,1),(2771,0,'',0,14,750300000000,1),(2772,0,'',0,4,750300000000,1),(2773,0,'',0,14,760000000000,1),(2774,0,'',0,4,760000000000,1),(2775,0,'',0,14,760100000000,1),(2776,0,'',0,4,760100000000,1),(2777,0,'',0,14,760400000000,1),(2778,0,'',0,4,760400000000,1),(2779,0,'',0,14,760900000000,1),(2780,0,'',0,4,760900000000,1),(2781,48908569,'',0,14,771000000000,1),(2782,0,'',0,4,771000000000,1),(2783,22179563557,'',0,14,780000000000,1),(2784,0,'',0,4,780000000000,1),(2785,4951531017,'',0,14,510000000000,1),(2786,0,'',0,4,510000000000,1),(2787,27252811,'',0,14,510100000000,1),(2788,0,'',0,4,510100000000,1),(2789,22196353,'',0,14,510101000000,1),(2790,0,'',0,4,510101000000,1),(2791,5056458,'',0,14,510102000000,1),(2792,0,'',0,4,510102000000,1),(2793,649982166,'',0,14,510300000000,1),(2794,0,'',0,4,510300000000,1),(2795,393350539,'',0,14,510301000000,1),(2796,0,'',0,4,510301000000,1),(2797,0,'',0,14,510302000000,1),(2798,0,'',0,4,510302000000,1),(2799,256631627,'',0,14,510303000000,1),(2800,0,'',0,4,510303000000,1),(2801,0,'',0,14,510400000000,1),(2802,0,'',0,4,510400000000,1),(2803,3750554131,'',0,14,510500000000,1),(2804,0,'',0,4,510500000000,1),(2805,52260881,'',0,14,510501000000,1),(2806,0,'',0,4,510501000000,1),(2807,3698293250,'',0,14,510511000000,1),(2808,0,'',0,4,510511000000,1),(2809,0,'',0,14,510516000000,1),(2810,0,'',0,4,510516000000,1),(2811,517479793,'',0,14,510200000000,1),(2812,0,'',0,4,510200000000,1),(2813,0,'',0,14,510251000000,1),(2814,0,'',0,4,510251000000,1),(2815,0,'',0,14,510251050000,1),(2816,0,'',0,4,510251050000,1),(2817,0,'',0,14,510251060000,1),(2818,0,'',0,4,510251060000,1),(2819,0,'',0,14,510251210000,1),(2820,0,'',0,4,510251210000,1),(2821,517479793,'',0,14,510261000000,1),(2822,0,'',0,4,510261000000,1),(2823,0,'',0,14,510266000000,1),(2824,0,'',0,4,510266000000,1),(2825,763271,'',0,14,510600000000,1),(2826,0,'',0,4,510600000000,1),(2827,763271,'',0,14,510651000000,1),(2828,0,'',0,4,510651000000,1),(2829,0,'',0,14,510661000000,1),(2830,0,'',0,4,510661000000,1),(2831,0,'',0,14,510671000000,1),(2832,0,'',0,4,510671000000,1),(2833,5434666,'',0,14,510700000000,1),(2834,0,'',0,4,510700000000,1),(2835,0,'',0,14,511100000000,1),(2836,0,'',0,4,511100000000,1),(2837,0,'',0,14,511101000000,1),(2838,0,'',0,4,511101000000,1),(2839,0,'',0,14,511102000000,1),(2840,0,'',0,4,511102000000,1),(2841,64179,'',0,14,510800000000,1),(2842,0,'',0,4,510800000000,1),(2843,0,'',0,14,510801000000,1),(2844,0,'',0,4,510801000000,1),(2845,0,'',0,14,510802000000,1),(2846,0,'',0,4,510802000000,1),(2847,64179,'',0,14,510803000000,1),(2848,0,'',0,4,510803000000,1),(2849,0,'',0,14,519900000000,1),(2850,0,'',0,4,519900000000,1),(2851,463220954,'',0,14,610000000000,1),(2852,0,'',0,4,610000000000,1),(2853,381188795,'',0,14,610100000000,1),(2854,0,'',0,4,610100000000,1),(2855,47507986,'',0,14,610200000000,1),(2856,0,'',0,4,610200000000,1),(2857,0,'',0,14,610300000000,1),(2858,0,'',0,4,610300000000,1),(2859,133014,'',0,14,611400000000,1),(2860,0,'',0,4,611400000000,1),(2861,0,'',0,14,610600000000,1),(2862,0,'',0,4,610600000000,1),(2863,0,'',0,14,610601000000,1),(2864,0,'',0,4,610601000000,1),(2865,0,'',0,14,610603000000,1),(2866,0,'',0,4,610603000000,1),(2867,0,'',0,14,610400000000,1),(2868,0,'',0,4,610400000000,1),(2869,0,'',0,14,610700000000,1),(2870,0,'',0,4,610700000000,1),(2871,0,'',0,14,611100000000,1),(2872,0,'',0,4,611100000000,1),(2873,0,'',0,14,611101000000,1),(2874,0,'',0,4,611101000000,1),(2875,0,'',0,14,611102000000,1),(2876,0,'',0,4,611102000000,1),(2877,1524397,'',0,14,610800000000,1),(2878,0,'',0,4,610800000000,1),(2879,1524397,'',0,14,610801000000,1),(2880,0,'',0,4,610801000000,1),(2881,0,'',0,14,610802000000,1),(2882,0,'',0,4,610802000000,1),(2883,0,'',0,14,610803000000,1),(2884,0,'',0,4,610803000000,1),(2885,0,'',0,14,619900000000,1),(2886,0,'',0,4,619900000000,1),(2887,0,'',0,14,520000000000,1),(2888,0,'',0,4,520000000000,1),(2889,0,'',0,14,520200000000,1),(2890,0,'',0,4,520200000000,1),(2891,0,'',0,14,520300000000,1),(2892,0,'',0,4,520300000000,1),(2893,0,'',0,14,529900000000,1),(2894,0,'',0,4,529900000000,1),(2895,2510892083,'',0,14,620000000000,1),(2896,0,'',0,4,620000000000,1),(2897,2229912375,'',0,14,629100000000,1),(2898,0,'',0,4,629100000000,1),(2899,280979708,'',0,14,629600000000,1),(2900,0,'',0,4,629600000000,1),(2901,0,'',0,14,629601000000,1),(2902,0,'',0,4,629601000000,1),(2903,0,'',0,14,629602000000,1),(2904,0,'',0,4,629602000000,1),(2905,84733,'',0,14,629604000000,1),(2906,0,'',0,4,629604000000,1),(2907,280894975,'',0,14,629605000000,1),(2908,0,'',0,4,629605000000,1),(2909,0,'',0,14,629607000000,1),(2910,0,'',0,4,629607000000,1),(2911,0,'',0,14,629603000000,1),(2912,0,'',0,4,629603000000,1),(2913,0,'',0,14,629608000000,1),(2914,0,'',0,4,629608000000,1),(2915,0,'',0,14,629669000000,1),(2916,0,'',0,4,629669000000,1),(2917,0,'',0,14,629900000000,1),(2918,0,'',0,4,629900000000,1),(2919,1284753451,'',0,14,530000000000,1),(2920,0,'',0,4,530000000000,1),(2921,1124382,'',0,14,532100000000,1),(2922,0,'',0,4,532100000000,1),(2923,1124382,'',0,14,532101000000,1),(2924,0,'',0,4,532101000000,1),(2925,0,'',0,14,532111000000,1),(2926,0,'',0,4,532111000000,1),(2927,0,'',0,14,532166000000,1),(2928,0,'',0,4,532166000000,1),(2929,0,'',0,14,530100000000,1),(2930,0,'',0,4,530100000000,1),(2931,0,'',0,14,530200000000,1),(2932,0,'',0,4,530200000000,1),(2933,0,'',0,14,530300000000,1),(2934,0,'',0,4,530300000000,1),(2935,0,'',0,14,530400000000,1),(2936,0,'',0,4,530400000000,1),(2937,0,'',0,14,530500000000,1),(2938,0,'',0,4,530500000000,1),(2939,938010838,'',0,14,530600000000,1),(2940,0,'',0,4,530600000000,1),(2941,0,'',0,14,530800000000,1),(2942,0,'',0,4,530800000000,1),(2943,30326809,'',0,14,530900000000,1),(2944,0,'',0,4,530900000000,1),(2945,0,'',0,14,531100000000,1),(2946,0,'',0,4,531100000000,1),(2947,0,'',0,14,531200000000,1),(2948,0,'',0,4,531200000000,1),(2949,0,'',0,14,531300000000,1),(2950,0,'',0,4,531300000000,1),(2951,0,'',0,14,531400000000,1),(2952,0,'',0,4,531400000000,1),(2953,0,'',0,14,531500000000,1),(2954,0,'',0,4,531500000000,1),(2955,0,'',0,14,531600000000,1),(2956,0,'',0,4,531600000000,1),(2957,0,'',0,14,531700000000,1),(2958,0,'',0,4,531700000000,1),(2959,315291422,'',0,14,539000000000,1),(2960,0,'',0,4,539000000000,1),(2961,0,'',0,14,539900000000,1),(2962,0,'',0,4,539900000000,1),(2963,12613050,'',0,14,630000000000,1),(2964,0,'',0,4,630000000000,1),(2965,0,'',0,14,630100000000,1),(2966,0,'',0,4,630100000000,1),(2967,0,'',0,14,630200000000,1),(2968,0,'',0,4,630200000000,1),(2969,0,'',0,14,630400000000,1),(2970,0,'',0,4,630400000000,1),(2971,0,'',0,14,631100000000,1),(2972,0,'',0,4,631100000000,1),(2973,7908881,'',0,14,639000000000,1),(2974,0,'',0,4,639000000000,1),(2975,0,'',0,14,639900000000,1),(2976,0,'',0,4,639900000000,1),(2977,7717888,'',0,14,540000000000,1),(2978,0,'',0,4,540000000000,1),(2979,7486094,'',0,14,540100000000,1),(2980,0,'',0,4,540100000000,1),(2981,7486094,'',0,14,540101000000,1),(2982,0,'',0,4,540101000000,1),(2983,0,'',0,14,540131000000,1),(2984,0,'',0,4,540131000000,1),(2985,0,'',0,14,540141000000,1),(2986,0,'',0,4,540141000000,1),(2987,0,'',0,14,540400000000,1),(2988,0,'',0,4,540400000000,1),(2989,0,'',0,14,540500000000,1),(2990,0,'',0,4,540500000000,1),(2991,231794,'',0,14,540300000000,1),(2992,0,'',0,4,540300000000,1),(2993,231794,'',0,14,540301000000,1),(2994,0,'',0,4,540301000000,1),(2995,0,'',0,14,540302000000,1),(2996,0,'',0,4,540302000000,1),(2997,0,'',0,14,540303000000,1),(2998,0,'',0,4,540303000000,1),(2999,0,'',0,14,540331000000,1),(3000,0,'',0,4,540331000000,1),(3001,0,'',0,14,540341000000,1),(3002,0,'',0,4,540341000000,1),(3003,0,'',0,14,540600000000,1),(3004,0,'',0,4,540600000000,1),(3005,0,'',0,14,540700000000,1),(3006,0,'',0,4,540700000000,1),(3007,0,'',0,14,549900000000,1),(3008,0,'',0,4,549900000000,1),(3009,2256630200,'',0,14,640000000000,1),(3010,0,'',0,4,640000000000,1),(3011,9245337,'',0,14,640200000000,1),(3012,0,'',0,4,640200000000,1),(3013,3783537,'',0,14,640300000000,1),(3014,0,'',0,4,640300000000,1),(3015,1133220,'',0,14,640400000000,1),(3016,0,'',0,4,640400000000,1),(3017,63229660,'',0,14,640500000000,1),(3018,0,'',0,4,640500000000,1),(3019,72287314,'',0,14,640600000000,1),(3020,0,'',0,4,640600000000,1),(3021,1242837,'',0,14,640800000000,1),(3022,0,'',0,4,640800000000,1),(3023,12172845,'',0,14,640900000000,1),(3024,0,'',0,4,640900000000,1),(3025,39036277,'',0,14,649000000000,1),(3026,0,'',0,4,649000000000,1),(3027,0,'',0,14,649300000000,1),(3028,0,'',0,4,649300000000,1),(3029,7927825,'',0,14,649200000000,1),(3030,0,'',0,4,649200000000,1),(3031,986309606,'',0,14,649100000000,1),(3032,0,'',0,4,649100000000,1),(3033,0,'',0,14,649900000000,1),(3034,0,'',0,4,649900000000,1),(3035,738996,'',0,14,505023000000,1),(3036,0,'',0,4,505023000000,1),(3037,0,'',0,14,505023010000,1),(3038,0,'',0,4,505023010000,1),(3039,0,'',0,14,505023020000,1),(3040,0,'',0,4,505023020000,1),(3041,738996,'',0,14,505023090000,1),(3042,0,'',0,4,505023090000,1),(3043,36206,'',0,14,505028000000,1),(3044,0,'',0,4,505028000000,1),(3045,0,'',0,14,505029000000,1),(3046,0,'',0,4,505029000000,1),(3047,4207078,'',0,14,505030000000,1),(3048,0,'',0,4,505030000000,1),(3049,500440,'',0,14,505031000000,1),(3050,0,'',0,4,505031000000,1),(3051,0,'',0,14,505032000000,1),(3052,0,'',0,4,505032000000,1),(3053,-5831667,'',0,14,505025000000,1),(3054,0,'',0,4,505025000000,1),(3055,-9281032,'',0,14,505026000000,1),(3056,0,'',0,4,505026000000,1),(3057,-419823,'',0,14,505026010000,1),(3058,0,'',0,4,505026010000,1),(3059,-8057779,'',0,14,505026020000,1),(3060,0,'',0,4,505026020000,1),(3061,-789976,'',0,14,505026030000,1),(3062,0,'',0,4,505026030000,1),(3063,-13454,'',0,14,505026090000,1),(3064,0,'',0,4,505026090000,1),(3065,44973330,'',0,14,505090000000,1),(3066,0,'',0,4,505090000000,1),(3067,0,'',0,14,505024000000,1),(3068,0,'',0,4,505024000000,1),(3069,0,'',0,14,505027000000,1),(3070,0,'',0,4,505027000000,1),(3071,114415544,'',0,14,660000000000,1),(3072,0,'',0,4,660000000000,1),(3073,114415544,'',0,14,660100000000,1),(3074,0,'',0,4,660100000000,1),(3075,0,'',0,14,669900000000,1),(3076,0,'',0,4,669900000000,1),(3077,-149864925,'',0,14,560000000000,1),(3078,0,'',0,4,560000000000,1),(3079,-149864925,'',0,14,560100000000,1),(3080,0,'',0,4,560100000000,1),(3081,0,'',0,14,569900000000,1),(3082,0,'',0,4,569900000000,1),(3083,0,'',0,14,570000000000,1),(3084,0,'',0,4,570000000000,1),(3085,0,'',0,14,570100000000,1),(3086,0,'',0,4,570100000000,1),(3087,0,'',0,14,579900000000,1),(3088,0,'',0,4,579900000000,1),(3089,0,'',0,14,580000000000,1),(3090,0,'',0,4,580000000000,1),(3091,0,'',0,14,580100000000,1),(3092,0,'',0,4,580100000000,1),(3093,0,'',0,14,589900000000,1),(3094,0,'',0,4,589900000000,1),(3095,0,'',0,14,115000000000,1),(3096,0,'',0,4,115000000000,1),(3097,0,'',0,14,115001000000,1),(3098,0,'',0,4,115001000000,1),(3099,0,'',0,14,115002000000,1),(3100,0,'',0,4,115002000000,1),(3101,0,'',0,14,115090000000,1),(3102,0,'',0,4,115090000000,1),(3103,0,'',0,14,120101040100,1),(3104,0,'',0,4,120101040100,1),(3105,0,'',0,14,120101040200,1),(3106,0,'',0,4,120101040200,1),(3107,0,'',0,14,120103000000,1),(3108,0,'',0,4,120103000000,1),(3109,0,'',0,14,120103010000,1),(3110,0,'',0,4,120103010000,1),(3111,0,'',0,14,120103020000,1),(3112,0,'',0,4,120103020000,1),(3113,0,'',0,14,120103030000,1),(3114,0,'',0,4,120103030000,1),(3115,0,'',0,14,120103040000,1),(3116,0,'',0,4,120103040000,1),(3117,0,'',0,14,120104000000,1),(3118,0,'',0,4,120104000000,1),(3119,0,'',0,14,120104010000,1),(3120,0,'',0,4,120104010000,1),(3121,0,'',0,14,120104010100,1),(3122,0,'',0,4,120104010100,1),(3123,0,'',0,14,120104010200,1),(3124,0,'',0,4,120104010200,1),(3125,0,'',0,14,120104020000,1),(3126,0,'',0,4,120104020000,1),(3127,0,'',0,14,120104020100,1),(3128,0,'',0,4,120104020100,1),(3129,0,'',0,14,120104020200,1),(3130,0,'',0,4,120104020200,1),(3131,0,'',0,14,120104030000,1),(3132,0,'',0,4,120104030000,1),(3133,0,'',0,14,120104030100,1),(3134,0,'',0,4,120104030100,1),(3135,0,'',0,14,120104030200,1),(3136,0,'',0,4,120104030200,1),(3137,0,'',0,14,120104040000,1),(3138,0,'',0,4,120104040000,1),(3139,0,'',0,14,120104040100,1),(3140,0,'',0,4,120104040100,1),(3141,0,'',0,14,120104040200,1),(3142,0,'',0,4,120104040200,1),(3143,0,'',0,14,120201040100,1),(3144,0,'',0,4,120201040100,1),(3145,0,'',0,14,120201040200,1),(3146,0,'',0,4,120201040200,1),(3147,0,'',0,14,120203000000,1),(3148,0,'',0,4,120203000000,1),(3149,0,'',0,14,120203010000,1),(3150,0,'',0,4,120203010000,1),(3151,0,'',0,14,120203020000,1),(3152,0,'',0,4,120203020000,1),(3153,0,'',0,14,120203030000,1),(3154,0,'',0,4,120203030000,1),(3155,0,'',0,14,120203040000,1),(3156,0,'',0,4,120203040000,1),(3157,0,'',0,14,120204000000,1),(3158,0,'',0,4,120204000000,1),(3159,0,'',0,14,120204010000,1),(3160,0,'',0,4,120204010000,1),(3161,0,'',0,14,120204010100,1),(3162,0,'',0,4,120204010100,1),(3163,0,'',0,14,120204010200,1),(3164,0,'',0,4,120204010200,1),(3165,0,'',0,14,120204020000,1),(3166,0,'',0,4,120204020000,1),(3167,0,'',0,14,120204020100,1),(3168,0,'',0,4,120204020100,1),(3169,0,'',0,14,120204020200,1),(3170,0,'',0,4,120204020200,1),(3171,0,'',0,14,120204030000,1),(3172,0,'',0,4,120204030000,1),(3173,0,'',0,14,120204030100,1),(3174,0,'',0,4,120204030100,1),(3175,0,'',0,14,120204030200,1),(3176,0,'',0,4,120204030200,1),(3177,0,'',0,14,120204040000,1),(3178,0,'',0,4,120204040000,1),(3179,0,'',0,14,120204040100,1),(3180,0,'',0,4,120204040100,1),(3181,0,'',0,14,120204040200,1),(3182,0,'',0,4,120204040200,1),(3183,0,'',0,14,120306000000,1),(3184,0,'',0,4,120306000000,1),(3185,0,'',0,14,120306010000,1),(3186,0,'',0,4,120306010000,1),(3187,0,'',0,14,120306020000,1),(3188,0,'',0,4,120306020000,1),(3189,0,'',0,14,120306030000,1),(3190,0,'',0,4,120306030000,1),(3191,0,'',0,14,120307000000,1),(3192,0,'',0,4,120307000000,1),(3193,0,'',0,14,120307010000,1),(3194,0,'',0,4,120307010000,1),(3195,0,'',0,14,120307010100,1),(3196,0,'',0,4,120307010100,1),(3197,0,'',0,14,120307010200,1),(3198,0,'',0,4,120307010200,1),(3199,0,'',0,14,120307020000,1),(3200,0,'',0,4,120307020000,1),(3201,0,'',0,14,120307020100,1),(3202,0,'',0,4,120307020100,1),(3203,0,'',0,14,120307020200,1),(3204,0,'',0,4,120307020200,1),(3205,0,'',0,14,120307030000,1),(3206,0,'',0,4,120307030000,1),(3207,0,'',0,14,120307030100,1),(3208,0,'',0,4,120307030100,1),(3209,0,'',0,14,120307030200,1),(3210,0,'',0,4,120307030200,1),(3211,999815762,'',0,14,120800000000,1),(3212,0,'',0,4,120800000000,1),(3213,0,'',0,14,120700000000,1),(3214,0,'',0,4,120700000000,1),(3215,0,'',0,14,120701000000,1),(3216,0,'',0,4,120701000000,1),(3217,0,'',0,14,121406000000,1),(3218,0,'',0,4,121406000000,1),(3219,0,'',0,14,121406010000,1),(3220,0,'',0,4,121406010000,1),(3221,0,'',0,14,121406020000,1),(3222,0,'',0,4,121406020000,1),(3223,0,'',0,14,121406030000,1),(3224,0,'',0,4,121406030000,1),(3225,0,'',0,14,121406040000,1),(3226,0,'',0,4,121406040000,1),(3227,0,'',0,14,121406050000,1),(3228,0,'',0,4,121406050000,1),(3229,0,'',0,14,121406060000,1),(3230,0,'',0,4,121406060000,1),(3231,0,'',0,14,121406070000,1),(3232,0,'',0,4,121406070000,1),(3233,0,'',0,14,121407000000,1),(3234,0,'',0,4,121407000000,1),(3235,0,'',0,14,121407010000,1),(3236,0,'',0,4,121407010000,1),(3237,0,'',0,14,121407020000,1),(3238,0,'',0,4,121407020000,1),(3239,0,'',0,14,121407030000,1),(3240,0,'',0,4,121407030000,1),(3241,0,'',0,14,121407040000,1),(3242,0,'',0,4,121407040000,1),(3243,0,'',0,14,121407050000,1),(3244,0,'',0,4,121407050000,1),(3245,0,'',0,14,121407060000,1),(3246,0,'',0,4,121407060000,1),(3247,0,'',0,14,121407070000,1),(3248,0,'',0,4,121407070000,1),(3249,0,'',0,14,121700000000,1),(3250,0,'',0,4,121700000000,1),(3251,415471020,'',0,14,130107000000,1),(3252,0,'',0,4,130107000000,1),(3253,414888322,'',0,14,130107010000,1),(3254,0,'',0,4,130107010000,1),(3255,0,'',0,14,130107010100,1),(3256,0,'',0,4,130107010100,1),(3257,0,'',0,14,130107010200,1),(3258,0,'',0,4,130107010200,1),(3259,0,'',0,14,130107010300,1),(3260,0,'',0,4,130107010300,1),(3261,0,'',0,14,130107010400,1),(3262,0,'',0,4,130107010400,1),(3263,270524404,'',0,14,130107010500,1),(3264,0,'',0,4,130107010500,1),(3265,144363918,'',0,14,130107019000,1),(3266,0,'',0,4,130107019000,1),(3267,582698,'',0,14,130107020000,1),(3268,0,'',0,4,130107020000,1),(3269,0,'',0,14,130107020100,1),(3270,0,'',0,4,130107020100,1),(3271,582698,'',0,14,130107020200,1),(3272,0,'',0,4,130107020200,1),(3273,0,'',0,14,130107030000,1),(3274,0,'',0,4,130107030000,1),(3275,0,'',0,14,130107030100,1),(3276,0,'',0,4,130107030100,1),(3277,0,'',0,14,130107030200,1),(3278,0,'',0,4,130107030200,1),(3279,0,'',0,14,130107030300,1),(3280,0,'',0,4,130107030300,1),(3281,0,'',0,14,130107039000,1),(3282,0,'',0,4,130107039000,1),(3283,0,'',0,14,130108000000,1),(3284,0,'',0,4,130108000000,1),(3285,0,'',0,14,130108010000,1),(3286,0,'',0,4,130108010000,1),(3287,0,'',0,14,130108010100,1),(3288,0,'',0,4,130108010100,1),(3289,0,'',0,14,130108010200,1),(3290,0,'',0,4,130108010200,1),(3291,0,'',0,14,130108010300,1),(3292,0,'',0,4,130108010300,1),(3293,0,'',0,14,130108010400,1),(3294,0,'',0,4,130108010400,1),(3295,0,'',0,14,130108010500,1),(3296,0,'',0,4,130108010500,1),(3297,0,'',0,14,130108019000,1),(3298,0,'',0,4,130108019000,1),(3299,0,'',0,14,130108020000,1),(3300,0,'',0,4,130108020000,1),(3301,0,'',0,14,130108020100,1),(3302,0,'',0,4,130108020100,1),(3303,0,'',0,14,130108020200,1),(3304,0,'',0,4,130108020200,1),(3305,0,'',0,14,130108030000,1),(3306,0,'',0,4,130108030000,1),(3307,0,'',0,14,130108030100,1),(3308,0,'',0,4,130108030100,1),(3309,0,'',0,14,130108030200,1),(3310,0,'',0,4,130108030200,1),(3311,0,'',0,14,130108030300,1),(3312,0,'',0,4,130108030300,1),(3313,0,'',0,14,130108039000,1),(3314,0,'',0,4,130108039000,1),(3315,8099420117,'',0,14,131107000000,1),(3316,0,'',0,4,131107000000,1),(3317,7011676465,'',0,14,131107010000,1),(3318,0,'',0,4,131107010000,1),(3319,1087743652,'',0,14,131107020000,1),(3320,0,'',0,4,131107020000,1),(3321,0,'',0,14,131107030000,1),(3322,0,'',0,4,131107030000,1),(3323,0,'',0,14,131107040000,1),(3324,0,'',0,4,131107040000,1),(3325,0,'',0,14,131107050000,1),(3326,0,'',0,4,131107050000,1),(3327,0,'',0,14,131107900000,1),(3328,0,'',0,4,131107900000,1),(3329,0,'',0,14,131108000000,1),(3330,0,'',0,4,131108000000,1),(3331,0,'',0,14,131108010000,1),(3332,0,'',0,4,131108010000,1),(3333,0,'',0,14,131108020000,1),(3334,0,'',0,4,131108020000,1),(3335,0,'',0,14,131108030000,1),(3336,0,'',0,4,131108030000,1),(3337,0,'',0,14,131108040000,1),(3338,0,'',0,4,131108040000,1),(3339,0,'',0,14,131108050000,1),(3340,0,'',0,4,131108050000,1),(3341,0,'',0,14,131108900000,1),(3342,0,'',0,4,131108900000,1),(3343,0,'',0,14,131607000000,1),(3344,0,'',0,4,131607000000,1),(3345,0,'',0,14,131607010000,1),(3346,0,'',0,4,131607010000,1),(3347,0,'',0,14,131607020000,1),(3348,0,'',0,4,131607020000,1),(3349,0,'',0,14,131608000000,1),(3350,0,'',0,4,131608000000,1),(3351,0,'',0,14,131608010000,1),(3352,0,'',0,4,131608010000,1),(3353,0,'',0,14,131608020000,1),(3354,0,'',0,4,131608020000,1),(3355,0,'',0,14,136105000000,1),(3356,0,'',0,4,136105000000,1),(3357,0,'',0,14,136106000000,1),(3358,0,'',0,4,136106000000,1),(3359,-2562507,'',0,14,139150070000,1),(3360,0,'',0,4,139150070000,1),(3361,-2562507,'',0,14,139150070100,1),(3362,0,'',0,4,139150070100,1),(3363,0,'',0,14,139150070200,1),(3364,0,'',0,4,139150070200,1),(3365,0,'',0,14,139150070300,1),(3366,0,'',0,4,139150070300,1),(3367,0,'',0,14,139150080000,1),(3368,0,'',0,4,139150080000,1),(3369,0,'',0,14,139150080100,1),(3370,0,'',0,4,139150080100,1),(3371,0,'',0,14,139150080200,1),(3372,0,'',0,4,139150080200,1),(3373,0,'',0,14,139150080300,1),(3374,0,'',0,4,139150080300,1),(3375,-1914091540,'',0,14,139150670000,1),(3376,0,'',0,4,139150670000,1),(3377,-1756323286,'',0,14,139150670100,1),(3378,0,'',0,4,139150670100,1),(3379,-157768254,'',0,14,139150670300,1),(3380,0,'',0,4,139150670300,1),(3381,0,'',0,14,139150670500,1),(3382,0,'',0,4,139150670500,1),(3383,0,'',0,14,139150670600,1),(3384,0,'',0,4,139150670600,1),(3385,0,'',0,14,139150670400,1),(3386,0,'',0,4,139150670400,1),(3387,0,'',0,14,139150679000,1),(3388,0,'',0,4,139150679000,1),(3389,0,'',0,14,139150680000,1),(3390,0,'',0,4,139150680000,1),(3391,0,'',0,14,139150680100,1),(3392,0,'',0,4,139150680100,1),(3393,0,'',0,14,139150680300,1),(3394,0,'',0,4,139150680300,1),(3395,0,'',0,14,139150680500,1),(3396,0,'',0,4,139150680500,1),(3397,0,'',0,14,139150680600,1),(3398,0,'',0,4,139150680600,1),(3399,0,'',0,14,139150680400,1),(3400,0,'',0,4,139150680400,1),(3401,0,'',0,14,139150689000,1),(3402,0,'',0,4,139150689000,1),(3403,0,'',0,14,139150770000,1),(3404,0,'',0,4,139150770000,1),(3405,0,'',0,14,139150770100,1),(3406,0,'',0,4,139150770100,1),(3407,0,'',0,14,139150770200,1),(3408,0,'',0,4,139150770200,1),(3409,0,'',0,14,139150780000,1),(3410,0,'',0,4,139150780000,1),(3411,0,'',0,14,139150780100,1),(3412,0,'',0,4,139150780100,1),(3413,0,'',0,14,139150780200,1),(3414,0,'',0,4,139150780200,1),(3415,0,'',0,14,179700000000,1),(3416,0,'',0,4,179700000000,1),(3417,0,'',0,14,179701000000,1),(3418,0,'',0,4,179701000000,1),(3419,0,'',0,14,179702000000,1),(3420,0,'',0,4,179702000000,1),(3421,0,'',0,14,140900000000,1),(3422,0,'',0,4,140900000000,1),(3423,0,'',0,14,140901000000,1),(3424,0,'',0,4,140901000000,1),(3425,0,'',0,14,140902000000,1),(3426,0,'',0,4,140902000000,1),(3427,0,'',0,14,140903000000,1),(3428,0,'',0,4,140903000000,1),(3429,0,'',0,14,140904000000,1),(3430,0,'',0,4,140904000000,1),(3431,0,'',0,14,140905000000,1),(3432,0,'',0,4,140905000000,1),(3433,0,'',0,14,141000000000,1),(3434,0,'',0,4,141000000000,1),(3435,0,'',0,14,140203000000,1),(3436,0,'',0,4,140203000000,1),(3437,0,'',0,14,140112000000,1),(3438,0,'',0,4,140112000000,1),(3439,0,'',0,14,149101030000,1),(3440,0,'',0,4,149101030000,1),(3441,-11219906,'',0,14,149104000000,1),(3442,0,'',0,4,149104000000,1),(3443,0,'',0,14,179500000000,1),(3444,0,'',0,4,179500000000,1),(3445,0,'',0,14,179501000000,1),(3446,0,'',0,4,179501000000,1),(3447,0,'',0,14,179501010000,1),(3448,0,'',0,4,179501010000,1),(3449,0,'',0,14,179501020000,1),(3450,0,'',0,4,179501020000,1),(3451,0,'',0,14,179502000000,1),(3452,0,'',0,4,179502000000,1),(3453,0,'',0,14,179502010000,1),(3454,0,'',0,4,179502010000,1),(3455,0,'',0,14,179502020000,1),(3456,0,'',0,4,179502020000,1),(3457,0,'',0,14,179590000000,1),(3458,0,'',0,4,179590000000,1),(3459,0,'',0,14,179590010000,1),(3460,0,'',0,4,179590010000,1),(3461,0,'',0,14,179590020000,1),(3462,0,'',0,4,179590020000,1),(3463,0,'',0,14,189900000000,1),(3464,0,'',0,4,189900000000,1),(3465,0,'',0,14,190301110000,1),(3466,0,'',0,4,190301110000,1),(3467,21073310,'',0,14,190301120000,1),(3468,0,'',0,4,190301120000,1),(3469,0,'',0,14,190303070000,1),(3470,0,'',0,4,190303070000,1),(3471,0,'',0,14,190303080000,1),(3472,0,'',0,4,190303080000,1),(3473,0,'',0,14,190303090000,1),(3474,0,'',0,4,190303090000,1),(3475,0,'',0,14,190303100000,1),(3476,0,'',0,4,190303100000,1),(3477,0,'',0,14,190303110000,1),(3478,0,'',0,4,190303110000,1),(3479,0,'',0,14,190303120000,1),(3480,0,'',0,4,190303120000,1),(3481,0,'',0,14,190303130000,1),(3482,0,'',0,4,190303130000,1),(3483,0,'',0,14,190303140000,1),(3484,0,'',0,4,190303140000,1),(3485,0,'',0,14,191604060000,1),(3486,0,'',0,4,191604060000,1),(3487,0,'',0,14,191604070000,1),(3488,0,'',0,4,191604070000,1),(3489,0,'',0,14,191604070100,1),(3490,0,'',0,4,191604070100,1),(3491,0,'',0,14,191604070200,1),(3492,0,'',0,4,191604070200,1),(3493,0,'',0,14,191604080000,1),(3494,0,'',0,4,191604080000,1),(3495,0,'',0,14,191604080100,1),(3496,0,'',0,4,191604080100,1),(3497,0,'',0,14,191604080200,1),(3498,0,'',0,4,191604080200,1),(3499,0,'',0,14,191604089000,1),(3500,0,'',0,4,191604089000,1),(3501,0,'',0,14,212500000000,1),(3502,0,'',0,4,212500000000,1),(3503,0,'',0,14,212501000000,1),(3504,0,'',0,4,212501000000,1),(3505,0,'',0,14,212502000000,1),(3506,0,'',0,4,212502000000,1),(3507,0,'',0,14,212590000000,1),(3508,0,'',0,4,212590000000,1),(3509,0,'',0,14,220800000000,1),(3510,0,'',0,4,220800000000,1),(3511,0,'',0,14,220700000000,1),(3512,0,'',0,4,220700000000,1),(3513,0,'',0,14,220701000000,1),(3514,0,'',0,4,220701000000,1),(3515,0,'',0,14,220900000000,1),(3516,0,'',0,4,220900000000,1),(3517,0,'',0,14,220901000000,1),(3518,0,'',0,4,220901000000,1),(3519,0,'',0,14,220901010000,1),(3520,0,'',0,4,220901010000,1),(3521,0,'',0,14,220901010700,1),(3522,0,'',0,4,220901010700,1),(3523,0,'',0,14,220901010701,1),(3524,0,'',0,4,220901010701,1),(3525,0,'',0,14,220901010702,1),(3526,0,'',0,4,220901010702,1),(3527,0,'',0,14,220901010703,1),(3528,0,'',0,4,220901010703,1),(3529,0,'',0,14,220901010800,1),(3530,0,'',0,4,220901010800,1),(3531,0,'',0,14,220902000000,1),(3532,0,'',0,4,220902000000,1),(3533,0,'',0,14,220902010000,1),(3534,0,'',0,4,220902010000,1),(3535,0,'',0,14,220902010700,1),(3536,0,'',0,4,220902010700,1),(3537,0,'',0,14,220902010701,1),(3538,0,'',0,4,220902010701,1),(3539,0,'',0,14,220902010702,1),(3540,0,'',0,4,220902010702,1),(3541,0,'',0,14,220902010703,1),(3542,0,'',0,4,220902010703,1),(3543,0,'',0,14,220902010704,1),(3544,0,'',0,4,220902010704,1),(3545,0,'',0,14,220902020000,1),(3546,0,'',0,4,220902020000,1),(3547,0,'',0,14,220902020700,1),(3548,0,'',0,4,220902020700,1),(3549,0,'',0,14,220902020701,1),(3550,0,'',0,4,220902020701,1),(3551,0,'',0,14,220902020702,1),(3552,0,'',0,4,220902020702,1),(3553,0,'',0,14,220902020703,1),(3554,0,'',0,4,220902020703,1),(3555,0,'',0,14,220902020704,1),(3556,0,'',0,4,220902020704,1),(3557,0,'',0,14,220903000000,1),(3558,0,'',0,4,220903000000,1),(3559,0,'',0,14,220903010000,1),(3560,0,'',0,4,220903010000,1),(3561,0,'',0,14,220903010100,1),(3562,0,'',0,4,220903010100,1),(3563,0,'',0,14,220903010200,1),(3564,0,'',0,4,220903010200,1),(3565,0,'',0,14,220903010300,1),(3566,0,'',0,4,220903010300,1),(3567,0,'',0,14,220903010400,1),(3568,0,'',0,4,220903010400,1),(3569,0,'',0,14,220903019000,1),(3570,0,'',0,4,220903019000,1),(3571,0,'',0,14,220990000000,1),(3572,0,'',0,4,220990000000,1),(3573,0,'',0,14,221400000000,1),(3574,0,'',0,4,221400000000,1),(3575,0,'',0,14,221406000000,1),(3576,0,'',0,4,221406000000,1),(3577,0,'',0,14,221406010000,1),(3578,0,'',0,4,221406010000,1),(3579,0,'',0,14,221406020000,1),(3580,0,'',0,4,221406020000,1),(3581,0,'',0,14,221406030000,1),(3582,0,'',0,4,221406030000,1),(3583,0,'',0,14,221406040000,1),(3584,0,'',0,4,221406040000,1),(3585,0,'',0,14,221406050000,1),(3586,0,'',0,4,221406050000,1),(3587,0,'',0,14,221406060000,1),(3588,0,'',0,4,221406060000,1),(3589,0,'',0,14,221406070000,1),(3590,0,'',0,4,221406070000,1),(3591,0,'',0,14,221407000000,1),(3592,0,'',0,4,221407000000,1),(3593,0,'',0,14,221407010000,1),(3594,0,'',0,4,221407010000,1),(3595,0,'',0,14,221407020000,1),(3596,0,'',0,4,221407020000,1),(3597,0,'',0,14,221407030000,1),(3598,0,'',0,4,221407030000,1),(3599,0,'',0,14,221407040000,1),(3600,0,'',0,4,221407040000,1),(3601,0,'',0,14,221407050000,1),(3602,0,'',0,4,221407050000,1),(3603,0,'',0,14,221407060000,1),(3604,0,'',0,4,221407060000,1),(3605,0,'',0,14,221407070000,1),(3606,0,'',0,4,221407070000,1),(3607,0,'',0,14,221700000000,1),(3608,0,'',0,4,221700000000,1),(3609,0,'',0,14,221900000000,1),(3610,0,'',0,4,221900000000,1),(3611,0,'',0,14,221901000000,1),(3612,0,'',0,4,221901000000,1),(3613,0,'',0,14,240202000000,1),(3614,0,'',0,4,240202000000,1),(3615,4468924,'',0,14,240800000000,1),(3616,0,'',0,4,240800000000,1),(3617,0,'',0,14,240900000000,1),(3618,0,'',0,4,240900000000,1),(3619,0,'',0,14,240901000000,1),(3620,0,'',0,4,240901000000,1),(3621,0,'',0,14,240902000000,1),(3622,0,'',0,4,240902000000,1),(3623,0,'',0,14,240903000000,1),(3624,0,'',0,4,240903000000,1),(3625,0,'',0,14,240904000000,1),(3626,0,'',0,4,240904000000,1),(3627,0,'',0,14,240905000000,1),(3628,0,'',0,4,240905000000,1),(3629,0,'',0,14,241000000000,1),(3630,0,'',0,4,241000000000,1),(3631,0,'',0,14,240104000000,1),(3632,0,'',0,4,240104000000,1),(3633,0,'',0,14,240116000000,1),(3634,0,'',0,4,240116000000,1),(3635,0,'',0,14,240110060000,1),(3636,0,'',0,4,240110060000,1),(3637,20050641,'',0,14,240110070000,1),(3638,0,'',0,4,240110070000,1),(3639,20050641,'',0,14,240110070100,1),(3640,0,'',0,4,240110070100,1),(3641,0,'',0,14,240110070200,1),(3642,0,'',0,4,240110070200,1),(3643,1963387,'',0,14,240110080000,1),(3644,0,'',0,4,240110080000,1),(3645,0,'',0,14,240110080100,1),(3646,0,'',0,4,240110080100,1),(3647,1963387,'',0,14,240110080200,1),(3648,0,'',0,4,240110080200,1),(3649,0,'',0,14,240110089000,1),(3650,0,'',0,4,240110089000,1),(3651,0,'',0,14,240112070000,1),(3652,0,'',0,4,240112070000,1),(3653,0,'',0,14,270104000000,1),(3654,0,'',0,4,270104000000,1),(3655,0,'',0,14,270105000000,1),(3656,0,'',0,4,270105000000,1),(3657,0,'',0,14,293112000000,1),(3658,0,'',0,4,293112000000,1),(3659,0,'',0,14,293108000000,1),(3660,0,'',0,4,293108000000,1),(3661,0,'',0,14,293111000000,1),(3662,0,'',0,4,293111000000,1),(3663,0,'',0,14,420504000000,1),(3664,0,'',0,4,420504000000,1),(3665,0,'',0,14,421501000000,1),(3666,0,'',0,4,421501000000,1),(3667,0,'',0,14,421502000000,1),(3668,0,'',0,4,421502000000,1),(3669,0,'',0,14,421503000000,1),(3670,0,'',0,4,421503000000,1),(3671,0,'',0,14,421504000000,1),(3672,0,'',0,4,421504000000,1),(3673,0,'',0,14,421700000000,1),(3674,0,'',0,4,421700000000,1),(3675,0,'',0,14,421701000000,1),(3676,0,'',0,4,421701000000,1),(3677,0,'',0,14,421702000000,1),(3678,0,'',0,4,421702000000,1),(3679,0,'',0,14,421703000000,1),(3680,0,'',0,4,421703000000,1),(3681,0,'',0,14,421704000000,1),(3682,0,'',0,4,421704000000,1),(3683,0,'',0,14,421800000000,1),(3684,0,'',0,4,421800000000,1),(3685,0,'',0,14,420900000000,1),(3686,0,'',0,4,420900000000,1),(3687,0,'',0,14,420901000000,1),(3688,0,'',0,4,420901000000,1),(3689,0,'',0,14,421400000000,1),(3690,0,'',0,4,421400000000,1),(3691,0,'',0,14,750105000000,1),(3692,0,'',0,4,750105000000,1),(3693,79998940,'',0,14,750190000000,1),(3694,0,'',0,4,750190000000,1),(3695,1000325223,'',0,14,773100000000,1),(3696,0,'',0,4,773100000000,1),(3697,0,'',0,14,773106000000,1),(3698,0,'',0,4,773106000000,1),(3699,1000325223,'',0,14,773107000000,1),(3700,0,'',0,4,773107000000,1),(3701,0,'',0,14,773108000000,1),(3702,0,'',0,4,773108000000,1),(3703,0,'',0,14,773191000000,1),(3704,0,'',0,4,773191000000,1),(3705,0,'',0,14,773110000000,1),(3706,0,'',0,4,773110000000,1),(3707,0,'',0,14,773190000000,1),(3708,0,'',0,4,773190000000,1),(3709,0,'',0,14,773200000000,1),(3710,0,'',0,4,773200000000,1),(3711,0,'',0,14,773207000000,1),(3712,0,'',0,4,773207000000,1),(3713,0,'',0,14,773208000000,1),(3714,0,'',0,4,773208000000,1),(3715,0,'',0,14,773209000000,1),(3716,0,'',0,4,773209000000,1),(3717,0,'',0,14,773210000000,1),(3718,0,'',0,4,773210000000,1),(3719,0,'',0,14,773290000000,1),(3720,0,'',0,4,773290000000,1),(3721,0,'',0,14,511200000000,1),(3722,0,'',0,4,511200000000,1),(3723,0,'',0,14,511201000000,1),(3724,0,'',0,4,511201000000,1),(3725,0,'',0,14,511202000000,1),(3726,0,'',0,4,511202000000,1),(3727,0,'',0,14,511290000000,1),(3728,0,'',0,4,511290000000,1),(3729,52260881,'',0,14,510501070000,1),(3730,0,'',0,4,510501070000,1),(3731,52150383,'',0,14,510501070100,1),(3732,0,'',0,4,510501070100,1),(3733,110498,'',0,14,510501070200,1),(3734,0,'',0,4,510501070200,1),(3735,0,'',0,14,510501070300,1),(3736,0,'',0,4,510501070300,1),(3737,0,'',0,14,510501080000,1),(3738,0,'',0,4,510501080000,1),(3739,0,'',0,14,510501080100,1),(3740,0,'',0,4,510501080100,1),(3741,0,'',0,14,510501080200,1),(3742,0,'',0,4,510501080200,1),(3743,0,'',0,14,510501080300,1),(3744,0,'',0,4,510501080300,1),(3745,3698293250,'',0,14,510511670000,1),(3746,0,'',0,4,510511670000,1),(3747,3248405567,'',0,14,510511670100,1),(3748,0,'',0,4,510511670100,1),(3749,449887683,'',0,14,510511670200,1),(3750,0,'',0,4,510511670200,1),(3751,0,'',0,14,510511670300,1),(3752,0,'',0,4,510511670300,1),(3753,0,'',0,14,510511670400,1),(3754,0,'',0,4,510511670400,1),(3755,0,'',0,14,510511670500,1),(3756,0,'',0,4,510511670500,1),(3757,0,'',0,14,510511679000,1),(3758,0,'',0,4,510511679000,1),(3759,0,'',0,14,510511680000,1),(3760,0,'',0,4,510511680000,1),(3761,0,'',0,14,510511680100,1),(3762,0,'',0,4,510511680100,1),(3763,0,'',0,14,510511680200,1),(3764,0,'',0,4,510511680200,1),(3765,0,'',0,14,510511680300,1),(3766,0,'',0,4,510511680300,1),(3767,0,'',0,14,510511680400,1),(3768,0,'',0,4,510511680400,1),(3769,0,'',0,14,510511680500,1),(3770,0,'',0,4,510511680500,1),(3771,0,'',0,14,510511689000,1),(3772,0,'',0,4,510511689000,1),(3773,0,'',0,14,510516070000,1),(3774,0,'',0,4,510516070000,1),(3775,0,'',0,14,510516070100,1),(3776,0,'',0,4,510516070100,1),(3777,0,'',0,14,510516070200,1),(3778,0,'',0,4,510516070200,1),(3779,0,'',0,14,510516080000,1),(3780,0,'',0,4,510516080000,1),(3781,0,'',0,14,510516080100,1),(3782,0,'',0,4,510516080100,1),(3783,0,'',0,14,510516080200,1),(3784,0,'',0,4,510516080200,1),(3785,492387752,'',0,14,510261010000,1),(3786,0,'',0,4,510261010000,1),(3787,25092041,'',0,14,510261020000,1),(3788,0,'',0,4,510261020000,1),(3789,0,'',0,14,510261030000,1),(3790,0,'',0,4,510261030000,1),(3791,0,'',0,14,510261040000,1),(3792,0,'',0,4,510261040000,1),(3793,0,'',0,14,510261050000,1),(3794,0,'',0,4,510261050000,1),(3795,0,'',0,14,510261900000,1),(3796,0,'',0,4,510261900000,1),(3797,0,'',0,14,510266010000,1),(3798,0,'',0,4,510266010000,1),(3799,0,'',0,14,510266020000,1),(3800,0,'',0,4,510266020000,1),(3801,0,'',0,14,511800000000,1),(3802,0,'',0,4,511800000000,1),(3803,0,'',0,14,510804000000,1),(3804,0,'',0,4,510804000000,1),(3805,0,'',0,14,610604000000,1),(3806,0,'',0,4,610604000000,1),(3807,0,'',0,14,610605000000,1),(3808,0,'',0,4,610605000000,1),(3809,0,'',0,14,611700000000,1),(3810,0,'',0,4,611700000000,1),(3811,32866762,'',0,14,611200000000,1),(3812,0,'',0,4,611200000000,1),(3813,2229912375,'',0,14,629101000000,1),(3814,0,'',0,4,629101000000,1),(3815,469689,'',0,14,629101510000,1),(3816,0,'',0,4,629101510000,1),(3817,469689,'',0,14,629101510700,1),(3818,0,'',0,4,629101510700,1),(3819,469689,'',0,14,629101510701,1),(3820,0,'',0,4,629101510701,1),(3821,0,'',0,14,629101510702,1),(3822,0,'',0,4,629101510702,1),(3823,0,'',0,14,629101510703,1),(3824,0,'',0,4,629101510703,1),(3825,0,'',0,14,629101510800,1),(3826,0,'',0,4,629101510800,1),(3827,0,'',0,14,629101510801,1),(3828,0,'',0,4,629101510801,1),(3829,0,'',0,14,629101510802,1),(3830,0,'',0,4,629101510802,1),(3831,0,'',0,14,629101510803,1),(3832,0,'',0,4,629101510803,1),(3833,2229442686,'',0,14,629101610000,1),(3834,0,'',0,4,629101610000,1),(3835,2229442686,'',0,14,629101616700,1),(3836,0,'',0,4,629101616700,1),(3837,1929032743,'',0,14,629101616701,1),(3838,0,'',0,4,629101616701,1),(3839,300409943,'',0,14,629101616702,1),(3840,0,'',0,4,629101616702,1),(3841,0,'',0,14,629101616703,1),(3842,0,'',0,4,629101616703,1),(3843,0,'',0,14,629101616704,1),(3844,0,'',0,4,629101616704,1),(3845,0,'',0,14,629101616705,1),(3846,0,'',0,4,629101616705,1),(3847,0,'',0,14,629101616790,1),(3848,0,'',0,4,629101616790,1),(3849,0,'',0,14,629101616800,1),(3850,0,'',0,4,629101616800,1),(3851,0,'',0,14,629101616801,1),(3852,0,'',0,4,629101616801,1),(3853,0,'',0,14,629101616802,1),(3854,0,'',0,4,629101616802,1),(3855,0,'',0,14,629101616803,1),(3856,0,'',0,4,629101616803,1),(3857,0,'',0,14,629101616804,1),(3858,0,'',0,4,629101616804,1),(3859,0,'',0,14,629101616805,1),(3860,0,'',0,4,629101616805,1),(3861,0,'',0,14,629101616890,1),(3862,0,'',0,4,629101616890,1),(3863,0,'',0,14,629101660000,1),(3864,0,'',0,4,629101660000,1),(3865,0,'',0,14,629101660700,1),(3866,0,'',0,4,629101660700,1),(3867,0,'',0,14,629101660701,1),(3868,0,'',0,4,629101660701,1),(3869,0,'',0,14,629101660702,1),(3870,0,'',0,4,629101660702,1),(3871,0,'',0,14,629101660800,1),(3872,0,'',0,4,629101660800,1),(3873,0,'',0,14,629101660801,1),(3874,0,'',0,4,629101660801,1),(3875,0,'',0,14,629101660802,1),(3876,0,'',0,4,629101660802,1),(3877,0,'',0,14,629197000000,1),(3878,0,'',0,4,629197000000,1),(3879,1124382,'',0,14,532101070000,1),(3880,0,'',0,4,532101070000,1),(3881,1104382,'',0,14,532101070100,1),(3882,0,'',0,4,532101070100,1),(3883,0,'',0,14,532101070101,1),(3884,0,'',0,4,532101070101,1),(3885,0,'',0,14,532101070102,1),(3886,0,'',0,4,532101070102,1),(3887,0,'',0,14,532101070103,1),(3888,0,'',0,4,532101070103,1),(3889,0,'',0,14,532101070104,1),(3890,0,'',0,4,532101070104,1),(3891,0,'',0,14,532101070105,1),(3892,0,'',0,4,532101070105,1),(3893,1104382,'',0,14,532101070190,1),(3894,0,'',0,4,532101070190,1),(3895,20000,'',0,14,532101070200,1),(3896,0,'',0,4,532101070200,1),(3897,0,'',0,14,532101070300,1),(3898,0,'',0,4,532101070300,1),(3899,0,'',0,14,532101080000,1),(3900,0,'',0,4,532101080000,1),(3901,0,'',0,14,532101080100,1),(3902,0,'',0,4,532101080100,1),(3903,0,'',0,14,532101080101,1),(3904,0,'',0,4,532101080101,1),(3905,0,'',0,14,532101080102,1),(3906,0,'',0,4,532101080102,1),(3907,0,'',0,14,532101080103,1),(3908,0,'',0,4,532101080103,1),(3909,0,'',0,14,532101080104,1),(3910,0,'',0,4,532101080104,1),(3911,0,'',0,14,532101080105,1),(3912,0,'',0,4,532101080105,1),(3913,0,'',0,14,532101080190,1),(3914,0,'',0,4,532101080190,1),(3915,0,'',0,14,532101080200,1),(3916,0,'',0,4,532101080200,1),(3917,0,'',0,14,532101080300,1),(3918,0,'',0,4,532101080300,1),(3919,0,'',0,14,532111070000,1),(3920,0,'',0,4,532111070000,1),(3921,0,'',0,14,532111070100,1),(3922,0,'',0,4,532111070100,1),(3923,0,'',0,14,532111070101,1),(3924,0,'',0,4,532111070101,1),(3925,0,'',0,14,532111070102,1),(3926,0,'',0,4,532111070102,1),(3927,0,'',0,14,532111070200,1),(3928,0,'',0,4,532111070200,1),(3929,0,'',0,14,532111070300,1),(3930,0,'',0,4,532111070300,1),(3931,0,'',0,14,532111070400,1),(3932,0,'',0,4,532111070400,1),(3933,0,'',0,14,532111070500,1),(3934,0,'',0,4,532111070500,1),(3935,0,'',0,14,532111079000,1),(3936,0,'',0,4,532111079000,1),(3937,0,'',0,14,532111080000,1),(3938,0,'',0,4,532111080000,1),(3939,0,'',0,14,532111080100,1),(3940,0,'',0,4,532111080100,1),(3941,0,'',0,14,532111080101,1),(3942,0,'',0,4,532111080101,1),(3943,0,'',0,14,532111080102,1),(3944,0,'',0,4,532111080102,1),(3945,0,'',0,14,532111080200,1),(3946,0,'',0,4,532111080200,1),(3947,0,'',0,14,532111080300,1),(3948,0,'',0,4,532111080300,1),(3949,0,'',0,14,532111080400,1),(3950,0,'',0,4,532111080400,1),(3951,0,'',0,14,532111080500,1),(3952,0,'',0,4,532111080500,1),(3953,0,'',0,14,532111089000,1),(3954,0,'',0,4,532111089000,1),(3955,0,'',0,14,532166070000,1),(3956,0,'',0,4,532166070000,1),(3957,0,'',0,14,532166070100,1),(3958,0,'',0,4,532166070100,1),(3959,0,'',0,14,532166070200,1),(3960,0,'',0,4,532166070200,1),(3961,0,'',0,14,532166080000,1),(3962,0,'',0,4,532166080000,1),(3963,0,'',0,14,532166080100,1),(3964,0,'',0,4,532166080100,1),(3965,0,'',0,14,532166080200,1),(3966,0,'',0,4,532166080200,1),(3967,4704169,'',0,14,631200000000,1),(3968,0,'',0,4,631200000000,1),(3969,0,'',0,14,540142000000,1),(3970,0,'',0,4,540142000000,1),(3971,0,'',0,14,540192000000,1),(3972,0,'',0,4,540192000000,1),(3973,0,'',0,14,540200000000,1),(3974,0,'',0,4,540200000000,1),(3975,0,'',0,14,540201000000,1),(3976,0,'',0,4,540201000000,1),(3977,0,'',0,14,540202000000,1),(3978,0,'',0,4,540202000000,1),(3979,0,'',0,14,540203000000,1),(3980,0,'',0,4,540203000000,1),(3981,0,'',0,14,541000000000,1),(3982,0,'',0,4,541000000000,1),(3983,0,'',0,14,541003000000,1),(3984,0,'',0,4,541003000000,1),(3985,0,'',0,14,541002000000,1),(3986,0,'',0,4,541002000000,1),(3987,0,'',0,14,540900000000,1),(3988,0,'',0,4,540900000000,1),(3989,-66439307,'',0,14,505000000000,1),(3990,0,'',0,4,505000000000,1),(3991,0,'',0,14,505001000000,1),(3992,0,'',0,4,505001000000,1),(3993,0,'',0,14,505002000000,1),(3994,0,'',0,4,505002000000,1),(3995,0,'',0,14,505003000000,1),(3996,0,'',0,4,505003000000,1),(3997,0,'',0,14,505004000000,1),(3998,0,'',0,4,505004000000,1),(3999,-101826442,'',0,14,505005000000,1),(4000,0,'',0,4,505005000000,1),(4001,0,'',0,14,505012000000,1),(4002,0,'',0,4,505012000000,1),(4003,0,'',0,14,505013000000,1),(4004,0,'',0,4,505013000000,1),(4005,542855,'',0,14,505006000000,1),(4006,0,'',0,4,505006000000,1),(4007,0,'',0,14,505018000000,1),(4008,0,'',0,4,505018000000,1),(4009,0,'',0,14,505018010000,1),(4010,0,'',0,4,505018010000,1),(4011,0,'',0,14,505018020000,1),(4012,0,'',0,4,505018020000,1),(4013,-499071,'',0,14,505007000000,1),(4014,0,'',0,4,505007000000,1),(4015,0,'',0,14,505008000000,1),(4016,0,'',0,4,505008000000,1),(4017,0,'',0,14,505015000000,1),(4018,0,'',0,4,505015000000,1),(4019,0,'',0,14,505016000000,1),(4020,0,'',0,4,505016000000,1),(4021,0,'',0,14,505091000000,1),(4022,0,'',0,4,505091000000,1),(4023,0,'',0,14,505010000000,1),(4024,0,'',0,4,505010000000,1),(4025,0,'',0,14,505011000000,1),(4026,0,'',0,4,505011000000,1),(4027,0,'',0,14,505017000000,1),(4028,0,'',0,4,505017000000,1),(4029,0,'',0,14,505017010000,1),(4030,0,'',0,4,505017010000,1),(4031,0,'',0,14,505017020000,1),(4032,0,'',0,4,505017020000,1),(4033,0,'',0,14,505017030000,1),(4034,0,'',0,4,505017030000,1),(4035,0,'',0,14,505017040000,1),(4036,0,'',0,4,505017040000,1),(4037,0,'',0,14,505088000000,1),(4038,0,'',0,4,505088000000,1),(4039,0,'',0,14,505089000000,1),(4040,0,'',0,4,505089000000,1),(4041,0,'',0,14,505099000000,1),(4042,0,'',0,4,505099000000,1),(4043,1008999231,'',0,14,641000000000,1),(4044,0,'',0,4,641000000000,1),(4045,51262511,'',0,14,641100000000,1),(4046,0,'',0,4,641100000000,1),(4047,45007039,'',0,14,641101000000,1),(4048,0,'',0,4,641101000000,1),(4049,6255472,'',0,14,641102000000,1),(4050,0,'',0,4,641102000000,1),(4051,0,'',0,14,641103000000,1),(4052,0,'',0,4,641103000000,1),(4053,0,'',0,14,649201000000,1),(4054,0,'',0,4,649201000000,1),(4055,7585574,'',0,14,649202000000,1),(4056,0,'',0,4,649202000000,1),(4057,7585574,'',0,14,649202010000,1),(4058,0,'',0,4,649202010000,1),(4059,0,'',0,14,649202020000,1),(4060,0,'',0,4,649202020000,1),(4061,342251,'',0,14,649203000000,1),(4062,0,'',0,4,649203000000,1),(4063,0,'',0,14,649203010000,1),(4064,0,'',0,4,649203010000,1),(4065,342251,'',0,14,649203020000,1),(4066,0,'',0,4,649203020000,1),(4067,0,'',0,14,649203030000,1),(4068,0,'',0,4,649203030000,1),(4069,0,'',0,14,505023030000,1),(4070,0,'',0,4,505023030000,1),(4071,0,'',0,14,505033000000,1),(4072,0,'',0,4,505033000000,1),(4073,0,'',0,14,505034000000,1),(4074,0,'',0,4,505034000000,1),(4075,0,'',0,14,505035000000,1),(4076,0,'',0,4,505035000000,1),(4077,0,'',0,14,505036000000,1),(4078,0,'',0,4,505036000000,1),(4079,0,'',0,14,505037000000,1),(4080,0,'',0,4,505037000000,1),(4081,0,'',0,14,505038000000,1),(4082,0,'',0,4,505038000000,1),(4083,0,'',0,14,505039000000,1),(4084,0,'',0,4,505039000000,1),(4085,0,'',0,14,505040000000,1),(4086,0,'',0,4,505040000000,1),(4087,0,'',0,14,569000000000,1),(4088,0,'',0,4,569000000000,1),(4089,0,'',0,14,570103000000,1),(4090,0,'',0,4,570103000000,1),(4091,0,'',0,14,570103010000,1),(4092,0,'',0,4,570103010000,1),(4093,0,'',0,14,570103020000,1),(4094,0,'',0,4,570103020000,1),(4095,0,'',0,14,570105000000,1),(4096,0,'',0,4,570105000000,1),(4097,0,'',0,14,570105010000,1),(4098,0,'',0,4,570105010000,1),(4099,0,'',0,14,570105020000,1),(4100,0,'',0,4,570105020000,1),(4101,0,'',0,14,121406010100,1),(4102,0,'',0,4,121406010100,1),(4103,0,'',0,14,121406020100,1),(4104,0,'',0,4,121406020100,1),(4105,0,'',0,14,121406020200,1),(4106,0,'',0,4,121406020200,1),(4107,0,'',0,14,121406030100,1),(4108,0,'',0,4,121406030100,1),(4109,0,'',0,14,121406030200,1),(4110,0,'',0,4,121406030200,1),(4111,0,'',0,14,121406040100,1),(4112,0,'',0,4,121406040100,1),(4113,0,'',0,14,121406040200,1),(4114,0,'',0,4,121406040200,1),(4115,0,'',0,14,121406050100,1),(4116,0,'',0,4,121406050100,1),(4117,0,'',0,14,121406050200,1),(4118,0,'',0,4,121406050200,1),(4119,0,'',0,14,121406060100,1),(4120,0,'',0,4,121406060100,1),(4121,0,'',0,14,121406060200,1),(4122,0,'',0,4,121406060200,1),(4123,0,'',0,14,121406070100,1),(4124,0,'',0,4,121406070100,1),(4125,0,'',0,14,121406070200,1),(4126,0,'',0,4,121406070200,1),(4127,0,'',0,14,121407010100,1),(4128,0,'',0,4,121407010100,1),(4129,0,'',0,14,121407010300,1),(4130,0,'',0,4,121407010300,1),(4131,0,'',0,14,121407020100,1),(4132,0,'',0,4,121407020100,1),(4133,0,'',0,14,121407020300,1),(4134,0,'',0,4,121407020300,1),(4135,0,'',0,14,121407020200,1),(4136,0,'',0,4,121407020200,1),(4137,0,'',0,14,121407030100,1),(4138,0,'',0,4,121407030100,1),(4139,0,'',0,14,121407030300,1),(4140,0,'',0,4,121407030300,1),(4141,0,'',0,14,121407030200,1),(4142,0,'',0,4,121407030200,1),(4143,0,'',0,14,121407040100,1),(4144,0,'',0,4,121407040100,1),(4145,0,'',0,14,121407040300,1),(4146,0,'',0,4,121407040300,1),(4147,0,'',0,14,121407040200,1),(4148,0,'',0,4,121407040200,1),(4149,0,'',0,14,121407050100,1),(4150,0,'',0,4,121407050100,1),(4151,0,'',0,14,121407050300,1),(4152,0,'',0,4,121407050300,1),(4153,0,'',0,14,121407050200,1),(4154,0,'',0,4,121407050200,1),(4155,0,'',0,14,121407060100,1),(4156,0,'',0,4,121407060100,1),(4157,0,'',0,14,121407060300,1),(4158,0,'',0,4,121407060300,1),(4159,0,'',0,14,121407060200,1),(4160,0,'',0,4,121407060200,1),(4161,0,'',0,14,121407070100,1),(4162,0,'',0,4,121407070100,1),(4163,0,'',0,14,121407070300,1),(4164,0,'',0,4,121407070300,1),(4165,0,'',0,14,121407070200,1),(4166,0,'',0,4,121407070200,1),(4167,0,'',0,14,131107130000,1),(4168,0,'',0,4,131107130000,1),(4169,0,'',0,14,131108130000,1),(4170,0,'',0,4,131108130000,1),(4171,0,'',0,14,136113000000,1),(4172,0,'',0,4,136113000000,1),(4173,0,'',0,14,139150671300,1),(4174,0,'',0,4,139150671300,1),(4175,0,'',0,14,139150681300,1),(4176,0,'',0,4,139150681300,1),(4177,0,'',0,14,140906000000,1),(4178,0,'',0,4,140906000000,1),(4179,0,'',0,14,141300000000,1),(4180,0,'',0,4,141300000000,1),(4181,0,'',0,14,221406010100,1),(4182,0,'',0,4,221406010100,1),(4183,0,'',0,14,221406020100,1),(4184,0,'',0,4,221406020100,1),(4185,0,'',0,14,221406020200,1),(4186,0,'',0,4,221406020200,1),(4187,0,'',0,14,221406030100,1),(4188,0,'',0,4,221406030100,1),(4189,0,'',0,14,221406030200,1),(4190,0,'',0,4,221406030200,1),(4191,0,'',0,14,221406040100,1),(4192,0,'',0,4,221406040100,1),(4193,0,'',0,14,221406040200,1),(4194,0,'',0,4,221406040200,1),(4195,0,'',0,14,221406050100,1),(4196,0,'',0,4,221406050100,1),(4197,0,'',0,14,221406050200,1),(4198,0,'',0,4,221406050200,1),(4199,0,'',0,14,221406060100,1),(4200,0,'',0,4,221406060100,1),(4201,0,'',0,14,221406060200,1),(4202,0,'',0,4,221406060200,1),(4203,0,'',0,14,221406070100,1),(4204,0,'',0,4,221406070100,1),(4205,0,'',0,14,221406070200,1),(4206,0,'',0,4,221406070200,1),(4207,0,'',0,14,221407010100,1),(4208,0,'',0,4,221407010100,1),(4209,0,'',0,14,221407010300,1),(4210,0,'',0,4,221407010300,1),(4211,0,'',0,14,221407020100,1),(4212,0,'',0,4,221407020100,1),(4213,0,'',0,14,221407020300,1),(4214,0,'',0,4,221407020300,1),(4215,0,'',0,14,221407020200,1),(4216,0,'',0,4,221407020200,1),(4217,0,'',0,14,221407030100,1),(4218,0,'',0,4,221407030100,1),(4219,0,'',0,14,221407030300,1),(4220,0,'',0,4,221407030300,1),(4221,0,'',0,14,221407030200,1),(4222,0,'',0,4,221407030200,1),(4223,0,'',0,14,221407040100,1),(4224,0,'',0,4,221407040100,1),(4225,0,'',0,14,221407040300,1),(4226,0,'',0,4,221407040300,1),(4227,0,'',0,14,221407040200,1),(4228,0,'',0,4,221407040200,1),(4229,0,'',0,14,221407050100,1),(4230,0,'',0,4,221407050100,1),(4231,0,'',0,14,221407050300,1),(4232,0,'',0,4,221407050300,1),(4233,0,'',0,14,221407050200,1),(4234,0,'',0,4,221407050200,1),(4235,0,'',0,14,221407060100,1),(4236,0,'',0,4,221407060100,1),(4237,0,'',0,14,221407060300,1),(4238,0,'',0,4,221407060300,1),(4239,0,'',0,14,221407060200,1),(4240,0,'',0,4,221407060200,1),(4241,0,'',0,14,221407070100,1),(4242,0,'',0,4,221407070100,1),(4243,0,'',0,14,221407070300,1),(4244,0,'',0,4,221407070300,1),(4245,0,'',0,14,221407070200,1),(4246,0,'',0,4,221407070200,1),(4247,0,'',0,14,241300000000,1),(4248,0,'',0,4,241300000000,1),(4249,0,'',0,14,511900000000,1),(4250,0,'',0,4,511900000000,1),(4251,0,'',0,14,510511671300,1),(4252,0,'',0,4,510511671300,1),(4253,0,'',0,14,510511681300,1),(4254,0,'',0,4,510511681300,1),(4255,0,'',0,14,510261130000,1),(4256,0,'',0,4,510261130000,1),(4257,0,'',0,14,611900000000,1),(4258,0,'',0,4,611900000000,1),(4259,0,'',0,14,629101616713,1),(4260,0,'',0,4,629101616713,1),(4261,0,'',0,14,629101616813,1),(4262,0,'',0,4,629101616813,1),(4263,0,'',0,14,532111070600,1),(4264,0,'',0,4,532111070600,1),(4265,0,'',0,14,532111080600,1),(4266,0,'',0,4,532111080600,1),(4267,0,'',0,14,505017050000,1),(4268,0,'',0,4,505017050000,1),(4270,19,NULL,0,1,1,2),(4271,29.94,NULL,0,14,902001,1),(4272,24.97,NULL,0,14,903001,1),(4273,0,NULL,0,14,904001,1),(4274,0,NULL,0,14,905001,1),(4275,81.44,NULL,0,14,905002,1),(4276,0.18,NULL,0,14,906001,1),(4277,2.01,NULL,0,14,906002,1),(4278,0,NULL,0,14,906003,1),(4279,0,NULL,0,14,906004,1),(4280,255.35,NULL,0,14,907001,1),(4281,0,NULL,0,14,908001,1),(4282,0,NULL,0,14,908002,1),(4283,601.64,NULL,0,14,908003,1),(4284,3286.77,NULL,0,14,909001,1),(4285,3284.21,NULL,0,14,909002,1),(4286,2.56,NULL,0,14,909003,1),(4287,72.06,NULL,0,14,910001,1),(4288,0,NULL,0,14,910002,1),(4289,0,NULL,0,14,910003,1),(4290,117.45,NULL,0,14,913001,1),(4291,19.14,NULL,0,14,915001,1),(4313,40.875,NULL,0,1,901001,1),(4314,97.975,'4313,4271,4272,4273,4281,4276,4277,4278,4282,',0,NULL,916001,1),(4315,1224.6875,'4314,',0,NULL,916007,1),(4316,1029.63,'4279,4280,4283,4287,4274,4275,4291,4288,4289,',0,NULL,916002,1),(4317,12870.375000000002,'4316,',0,NULL,916008,1),(4318,1468.125,'4290,',0,NULL,916009,1),(4319,15563.187500000002,'4315,4317,4318,',0,NULL,916010,1),(4320,21.11887426659866,'4284,4319,',0,NULL,1,1),(4321,1029.63,'4279,4280,4283,4287,4274,4275,4291,4288,',0,NULL,916004,1),(4322,1127.605,'4314,4321,4289,',0,NULL,916005,1),(4323,2159.165,'4284,4322,',0,NULL,916006,1),(4324,2.9148238966659425,'4284,4322,',0,NULL,916011,1),(4325,25.537484339034407,'4284,4317,',0,NULL,916012,1);

#
# Structure for table "tipousuario"
#

DROP TABLE IF EXISTS `tipousuario`;
CREATE TABLE `tipousuario` (
  `idTipoUsuario` int(11) NOT NULL AUTO_INCREMENT,
  `desTipoUsuario` varchar(255) DEFAULT NULL,
  PRIMARY KEY (`idTipoUsuario`)
) ENGINE=InnoDB AUTO_INCREMENT=4 DEFAULT CHARSET=utf8;

#
# Data for table "tipousuario"
#

INSERT INTO `tipousuario` VALUES (1,'Admin'),(2,'Rol 1'),(3,'Rol 2');

#
# Structure for table "user"
#

DROP TABLE IF EXISTS `user`;
CREATE TABLE `user` (
  `iduser` int(11) NOT NULL AUTO_INCREMENT,
  `user` varchar(45) NOT NULL,
  `password` varchar(45) DEFAULT NULL,
  `idTipoUsuario` int(11) DEFAULT NULL,
  PRIMARY KEY (`iduser`),
  UNIQUE KEY `user_UNIQUE` (`user`),
  KEY `usuario-tipoUsuario` (`idTipoUsuario`),
  CONSTRAINT `usuario-tipoUsuario` FOREIGN KEY (`idTipoUsuario`) REFERENCES `tipousuario` (`idTipoUsuario`) ON DELETE CASCADE ON UPDATE CASCADE
) ENGINE=InnoDB AUTO_INCREMENT=4 DEFAULT CHARSET=utf8;

#
# Data for table "user"
#

INSERT INTO `user` VALUES (1,'riesgos','riesgos',1),(2,'analista','analista',2),(3,'miguel','miguel',3);
